<cache Ver="2">
  <assembly guid="Ashley.MeshSplitter" path="E:\steam\steamapps\common\PEAK\PEAK_Data\Managed\Ashley.MeshSplitter.dll" dateModified="638860184275208282" MMHOOKDate="0" references="" pluginVersion="0.0.0" badImageFormat="false" />
  <assembly guid="Assembly-CSharp-firstpass" path="E:\steam\steamapps\common\PEAK\PEAK_Data\Managed\Assembly-CSharp-firstpass.dll" dateModified="638860184276425360" MMHOOKDate="0" references="" pluginVersion="0.0.0" badImageFormat="false" />
  <assembly guid="Assembly-CSharp" path="E:\steam\steamapps\common\PEAK\PEAK_Data\Managed\Assembly-CSharp.dll" dateModified="638860183974867587" MMHOOKDate="638860168749919676" references="" pluginVersion="0.0.0" badImageFormat="false" />
  <assembly guid="com.rlabrecque.steamworks.net" path="E:\steam\steamapps\common\PEAK\PEAK_Data\Managed\com.rlabrecque.steamworks.net.dll" dateModified="638860183974877596" MMHOOKDate="0" references="" pluginVersion="0.0.0" badImageFormat="false" />
  <assembly guid="DemiLib" path="E:\steam\steamapps\common\PEAK\PEAK_Data\Managed\DemiLib.dll" dateModified="638860184277034010" MMHOOKDate="0" references="" pluginVersion="0.0.0" badImageFormat="false" />
  <assembly guid="DOTween" path="E:\steam\steamapps\common\PEAK\PEAK_Data\Managed\DOTween.dll" dateModified="638860184276152594" MMHOOKDate="0" references="" pluginVersion="0.0.0" badImageFormat="false" />
  <assembly guid="DOTweenPro" path="E:\steam\steamapps\common\PEAK\PEAK_Data\Managed\DOTweenPro.dll" dateModified="638860184275709569" MMHOOKDate="0" references="" pluginVersion="0.0.0" badImageFormat="false" />
  <assembly guid="HBAO.Runtime" path="E:\steam\steamapps\common\PEAK\PEAK_Data\Managed\HBAO.Runtime.dll" dateModified="638860184276162596" MMHOOKDate="0" references="" pluginVersion="0.0.0" badImageFormat="false" />
  <assembly guid="HBAO.Universal.Runtime" path="E:\steam\steamapps\common\PEAK\PEAK_Data\Managed\HBAO.Universal.Runtime.dll" dateModified="638860184277034010" MMHOOKDate="0" references="" pluginVersion="0.0.0" badImageFormat="false" />
  <assembly guid="Mono.Security" path="E:\steam\steamapps\common\PEAK\PEAK_Data\Managed\Mono.Security.dll" dateModified="638860184277403461" MMHOOKDate="0" references="" pluginVersion="0.0.0" badImageFormat="false" />
  <assembly guid="mscorlib" path="E:\steam\steamapps\common\PEAK\PEAK_Data\Managed\mscorlib.dll" dateModified="638860183974877596" MMHOOKDate="0" references="" pluginVersion="0.0.0" badImageFormat="false" />
  <assembly guid="netstandard" path="E:\steam\steamapps\common\PEAK\PEAK_Data\Managed\netstandard.dll" dateModified="638860184277044016" MMHOOKDate="0" references="" pluginVersion="0.0.0" badImageFormat="false" />
  <assembly guid="Newtonsoft.Json" path="E:\steam\steamapps\common\PEAK\PEAK_Data\Managed\Newtonsoft.Json.dll" dateModified="638860183974877596" MMHOOKDate="0" references="" pluginVersion="0.0.0" badImageFormat="false" />
  <assembly guid="Photon3Unity3D" path="E:\steam\steamapps\common\PEAK\PEAK_Data\Managed\Photon3Unity3D.dll" dateModified="638860184278616957" MMHOOKDate="0" references="" pluginVersion="0.0.0" badImageFormat="false" />
  <assembly guid="PhotonChat" path="E:\steam\steamapps\common\PEAK\PEAK_Data\Managed\PhotonChat.dll" dateModified="638860184277508749" MMHOOKDate="0" references="" pluginVersion="0.0.0" badImageFormat="false" />
  <assembly guid="PhotonRealtime" path="E:\steam\steamapps\common\PEAK\PEAK_Data\Managed\PhotonRealtime.dll" dateModified="638860184277413473" MMHOOKDate="0" references="" pluginVersion="0.0.0" badImageFormat="false" />
  <assembly guid="PhotonUnityNetworking.Demos" path="E:\steam\steamapps\common\PEAK\PEAK_Data\Managed\PhotonUnityNetworking.Demos.dll" dateModified="638860184269343208" MMHOOKDate="0" references="" pluginVersion="0.0.0" badImageFormat="false" />
  <assembly guid="PhotonUnityNetworking" path="E:\steam\steamapps\common\PEAK\PEAK_Data\Managed\PhotonUnityNetworking.dll" dateModified="638860184278044914" MMHOOKDate="0" references="" pluginVersion="0.0.0" badImageFormat="false" />
  <assembly guid="PhotonUnityNetworking.Utilities" path="E:\steam\steamapps\common\PEAK\PEAK_Data\Managed\PhotonUnityNetworking.Utilities.dll" dateModified="638860184278029881" MMHOOKDate="0" references="" pluginVersion="0.0.0" badImageFormat="false" />
  <assembly guid="PhotonVoice.API" path="E:\steam\steamapps\common\PEAK\PEAK_Data\Managed\PhotonVoice.API.dll" dateModified="638860184270606227" MMHOOKDate="0" references="" pluginVersion="0.0.0" badImageFormat="false" />
  <assembly guid="PhotonVoice" path="E:\steam\steamapps\common\PEAK\PEAK_Data\Managed\PhotonVoice.dll" dateModified="638860184270017886" MMHOOKDate="0" references="" pluginVersion="0.0.0" badImageFormat="false" />
  <assembly guid="PhotonVoice.PUN" path="E:\steam\steamapps\common\PEAK\PEAK_Data\Managed\PhotonVoice.PUN.dll" dateModified="638860184278029881" MMHOOKDate="0" references="" pluginVersion="0.0.0" badImageFormat="false" />
  <assembly guid="pworld" path="E:\steam\steamapps\common\PEAK\PEAK_Data\Managed\pworld.dll" dateModified="638860184278616957" MMHOOKDate="0" references="" pluginVersion="0.0.0" badImageFormat="false" />
  <assembly guid="sc.posteffects.runtime" path="E:\steam\steamapps\common\PEAK\PEAK_Data\Managed\sc.posteffects.runtime.dll" dateModified="638860184278044914" MMHOOKDate="0" references="" pluginVersion="0.0.0" badImageFormat="false" />
  <assembly guid="Sirenix.OdinInspector.Attributes" path="E:\steam\steamapps\common\PEAK\PEAK_Data\Managed\Sirenix.OdinInspector.Attributes.dll" dateModified="638860184273777370" MMHOOKDate="0" references="" pluginVersion="0.0.0" badImageFormat="false" />
  <assembly guid="Sirenix.OdinInspector.Modules.Unity.Addressables" path="E:\steam\steamapps\common\PEAK\PEAK_Data\Managed\Sirenix.OdinInspector.Modules.Unity.Addressables.dll" dateModified="638860184278029881" MMHOOKDate="0" references="" pluginVersion="0.0.0" badImageFormat="false" />
  <assembly guid="Sirenix.OdinInspector.Modules.UnityLocalization" path="E:\steam\steamapps\common\PEAK\PEAK_Data\Managed\Sirenix.OdinInspector.Modules.UnityLocalization.dll" dateModified="638860184278616957" MMHOOKDate="0" references="" pluginVersion="0.0.0" badImageFormat="false" />
  <assembly guid="Sirenix.Serialization.Config" path="E:\steam\steamapps\common\PEAK\PEAK_Data\Managed\Sirenix.Serialization.Config.dll" dateModified="638860184278616957" MMHOOKDate="0" references="" pluginVersion="0.0.0" badImageFormat="false" />
  <assembly guid="Sirenix.Serialization" path="E:\steam\steamapps\common\PEAK\PEAK_Data\Managed\Sirenix.Serialization.dll" dateModified="638860183974902748" MMHOOKDate="0" references="" pluginVersion="0.0.0" badImageFormat="false" />
  <assembly guid="Sirenix.Utilities" path="E:\steam\steamapps\common\PEAK\PEAK_Data\Managed\Sirenix.Utilities.dll" dateModified="638860184271201176" MMHOOKDate="0" references="" pluginVersion="0.0.0" badImageFormat="false" />
  <assembly guid="System.ComponentModel.Composition" path="E:\steam\steamapps\common\PEAK\PEAK_Data\Managed\System.ComponentModel.Composition.dll" dateModified="638860184278029881" MMHOOKDate="0" references="" pluginVersion="0.0.0" badImageFormat="false" />
  <assembly guid="System.Configuration" path="E:\steam\steamapps\common\PEAK\PEAK_Data\Managed\System.Configuration.dll" dateModified="638860184271819230" MMHOOKDate="0" references="" pluginVersion="0.0.0" badImageFormat="false" />
  <assembly guid="System.Core" path="E:\steam\steamapps\common\PEAK\PEAK_Data\Managed\System.Core.dll" dateModified="638860183974902748" MMHOOKDate="0" references="" pluginVersion="0.0.0" badImageFormat="false" />
  <assembly guid="System.Data.DataSetExtensions" path="E:\steam\steamapps\common\PEAK\PEAK_Data\Managed\System.Data.DataSetExtensions.dll" dateModified="638860184277508749" MMHOOKDate="0" references="" pluginVersion="0.0.0" badImageFormat="false" />
  <assembly guid="System.Data" path="E:\steam\steamapps\common\PEAK\PEAK_Data\Managed\System.Data.dll" dateModified="638860183974912760" MMHOOKDate="0" references="" pluginVersion="0.0.0" badImageFormat="false" />
  <assembly guid="System" path="E:\steam\steamapps\common\PEAK\PEAK_Data\Managed\System.dll" dateModified="638860183974912760" MMHOOKDate="0" references="" pluginVersion="0.0.0" badImageFormat="false" />
  <assembly guid="System.Drawing" path="E:\steam\steamapps\common\PEAK\PEAK_Data\Managed\System.Drawing.dll" dateModified="638860183974924020" MMHOOKDate="0" references="" pluginVersion="0.0.0" badImageFormat="false" />
  <assembly guid="System.EnterpriseServices" path="E:\steam\steamapps\common\PEAK\PEAK_Data\Managed\System.EnterpriseServices.dll" dateModified="638860184278044914" MMHOOKDate="0" references="" pluginVersion="0.0.0" badImageFormat="false" />
  <assembly guid="System.IO.Compression" path="E:\steam\steamapps\common\PEAK\PEAK_Data\Managed\System.IO.Compression.dll" dateModified="638860184279243481" MMHOOKDate="0" references="" pluginVersion="0.0.0" badImageFormat="false" />
  <assembly guid="System.IO.Compression.FileSystem" path="E:\steam\steamapps\common\PEAK\PEAK_Data\Managed\System.IO.Compression.FileSystem.dll" dateModified="638860184271834246" MMHOOKDate="0" references="" pluginVersion="0.0.0" badImageFormat="false" />
  <assembly guid="System.Net.Http" path="E:\steam\steamapps\common\PEAK\PEAK_Data\Managed\System.Net.Http.dll" dateModified="638860184279243481" MMHOOKDate="0" references="" pluginVersion="0.0.0" badImageFormat="false" />
  <assembly guid="System.Numerics" path="E:\steam\steamapps\common\PEAK\PEAK_Data\Managed\System.Numerics.dll" dateModified="638860184279228451" MMHOOKDate="0" references="" pluginVersion="0.0.0" badImageFormat="false" />
  <assembly guid="System.Runtime" path="E:\steam\steamapps\common\PEAK\PEAK_Data\Managed\System.Runtime.dll" dateModified="638860184279243481" MMHOOKDate="0" references="" pluginVersion="0.0.0" badImageFormat="false" />
  <assembly guid="System.Runtime.Serialization" path="E:\steam\steamapps\common\PEAK\PEAK_Data\Managed\System.Runtime.Serialization.dll" dateModified="638860183974934039" MMHOOKDate="0" references="" pluginVersion="0.0.0" badImageFormat="false" />
  <assembly guid="System.Security" path="E:\steam\steamapps\common\PEAK\PEAK_Data\Managed\System.Security.dll" dateModified="638860183974934039" MMHOOKDate="0" references="" pluginVersion="0.0.0" badImageFormat="false" />
  <assembly guid="System.ServiceModel.Internals" path="E:\steam\steamapps\common\PEAK\PEAK_Data\Managed\System.ServiceModel.Internals.dll" dateModified="638860184279243481" MMHOOKDate="0" references="" pluginVersion="0.0.0" badImageFormat="false" />
  <assembly guid="System.Transactions" path="E:\steam\steamapps\common\PEAK\PEAK_Data\Managed\System.Transactions.dll" dateModified="638860184279243481" MMHOOKDate="0" references="" pluginVersion="0.0.0" badImageFormat="false" />
  <assembly guid="System.Xml" path="E:\steam\steamapps\common\PEAK\PEAK_Data\Managed\System.Xml.dll" dateModified="638860183974944038" MMHOOKDate="0" references="" pluginVersion="0.0.0" badImageFormat="false" />
  <assembly guid="System.Xml.Linq" path="E:\steam\steamapps\common\PEAK\PEAK_Data\Managed\System.Xml.Linq.dll" dateModified="638860184280814119" MMHOOKDate="0" references="" pluginVersion="0.0.0" badImageFormat="false" />
  <assembly guid="Tayx.Graphy" path="E:\steam\steamapps\common\PEAK\PEAK_Data\Managed\Tayx.Graphy.dll" dateModified="638860184279990794" MMHOOKDate="0" references="" pluginVersion="0.0.0" badImageFormat="false" />
  <assembly guid="unity-websocket-sharp" path="E:\steam\steamapps\common\PEAK\PEAK_Data\Managed\unity-websocket-sharp.dll" dateModified="638860184279774748" MMHOOKDate="0" references="" pluginVersion="0.0.0" badImageFormat="false" />
  <assembly guid="Unity.Addressables" path="E:\steam\steamapps\common\PEAK\PEAK_Data\Managed\Unity.Addressables.dll" dateModified="638860184273767362" MMHOOKDate="0" references="" pluginVersion="0.0.0" badImageFormat="false" />
  <assembly guid="Unity.AI.Navigation" path="E:\steam\steamapps\common\PEAK\PEAK_Data\Managed\Unity.AI.Navigation.dll" dateModified="638860184273807401" MMHOOKDate="0" references="" pluginVersion="0.0.0" badImageFormat="false" />
  <assembly guid="Unity.Animation.Rigging" path="E:\steam\steamapps\common\PEAK\PEAK_Data\Managed\Unity.Animation.Rigging.dll" dateModified="638860184274331134" MMHOOKDate="0" references="" pluginVersion="0.0.0" badImageFormat="false" />
  <assembly guid="Unity.Animation.Rigging.DocCodeExamples" path="E:\steam\steamapps\common\PEAK\PEAK_Data\Managed\Unity.Animation.Rigging.DocCodeExamples.dll" dateModified="638860184273797396" MMHOOKDate="0" references="" pluginVersion="0.0.0" badImageFormat="false" />
  <assembly guid="Unity.Burst" path="E:\steam\steamapps\common\PEAK\PEAK_Data\Managed\Unity.Burst.dll" dateModified="638860183974949070" MMHOOKDate="0" references="" pluginVersion="0.0.0" badImageFormat="false" />
  <assembly guid="Unity.Burst.Unsafe" path="E:\steam\steamapps\common\PEAK\PEAK_Data\Managed\Unity.Burst.Unsafe.dll" dateModified="638860184274321109" MMHOOKDate="0" references="" pluginVersion="0.0.0" badImageFormat="false" />
  <assembly guid="Unity.Collections" path="E:\steam\steamapps\common\PEAK\PEAK_Data\Managed\Unity.Collections.dll" dateModified="638860183974959089" MMHOOKDate="0" references="" pluginVersion="0.0.0" badImageFormat="false" />
  <assembly guid="Unity.Collections.LowLevel.ILSupport" path="E:\steam\steamapps\common\PEAK\PEAK_Data\Managed\Unity.Collections.LowLevel.ILSupport.dll" dateModified="638860184274311084" MMHOOKDate="0" references="" pluginVersion="0.0.0" badImageFormat="false" />
  <assembly guid="Unity.InputSystem" path="E:\steam\steamapps\common\PEAK\PEAK_Data\Managed\Unity.InputSystem.dll" dateModified="638860183974959089" MMHOOKDate="0" references="" pluginVersion="0.0.0" badImageFormat="false" />
  <assembly guid="Unity.InputSystem.ForUI" path="E:\steam\steamapps\common\PEAK\PEAK_Data\Managed\Unity.InputSystem.ForUI.dll" dateModified="638860184275188253" MMHOOKDate="0" references="" pluginVersion="0.0.0" badImageFormat="false" />
  <assembly guid="Unity.InternalAPIEngineBridge.013" path="E:\steam\steamapps\common\PEAK\PEAK_Data\Managed\Unity.InternalAPIEngineBridge.013.dll" dateModified="638860184279243481" MMHOOKDate="0" references="" pluginVersion="0.0.0" badImageFormat="false" />
  <assembly guid="Unity.Localization" path="E:\steam\steamapps\common\PEAK\PEAK_Data\Managed\Unity.Localization.dll" dateModified="638860183974969098" MMHOOKDate="0" references="" pluginVersion="0.0.0" badImageFormat="false" />
  <assembly guid="Unity.Mathematics" path="E:\steam\steamapps\common\PEAK\PEAK_Data\Managed\Unity.Mathematics.dll" dateModified="638860183974969098" MMHOOKDate="0" references="" pluginVersion="0.0.0" badImageFormat="false" />
  <assembly guid="Unity.MemoryProfiler" path="E:\steam\steamapps\common\PEAK\PEAK_Data\Managed\Unity.MemoryProfiler.dll" dateModified="638860184274311084" MMHOOKDate="0" references="" pluginVersion="0.0.0" badImageFormat="false" />
  <assembly guid="Unity.Multiplayer.Center.Common" path="E:\steam\steamapps\common\PEAK\PEAK_Data\Managed\Unity.Multiplayer.Center.Common.dll" dateModified="638860184280814119" MMHOOKDate="0" references="" pluginVersion="0.0.0" badImageFormat="false" />
  <assembly guid="Unity.Multiplayer.Playmode.Common.Runtime" path="E:\steam\steamapps\common\PEAK\PEAK_Data\Managed\Unity.Multiplayer.Playmode.Common.Runtime.dll" dateModified="638860184274331134" MMHOOKDate="0" references="" pluginVersion="0.0.0" badImageFormat="false" />
  <assembly guid="Unity.Multiplayer.Playmode" path="E:\steam\steamapps\common\PEAK\PEAK_Data\Managed\Unity.Multiplayer.Playmode.dll" dateModified="638860184280924721" MMHOOKDate="0" references="" pluginVersion="0.0.0" badImageFormat="false" />
  <assembly guid="Unity.Networking.Transport" path="E:\steam\steamapps\common\PEAK\PEAK_Data\Managed\Unity.Networking.Transport.dll" dateModified="638860184275218294" MMHOOKDate="0" references="" pluginVersion="0.0.0" badImageFormat="false" />
  <assembly guid="Unity.Profiling.Core" path="E:\steam\steamapps\common\PEAK\PEAK_Data\Managed\Unity.Profiling.Core.dll" dateModified="638860184279243481" MMHOOKDate="0" references="" pluginVersion="0.0.0" badImageFormat="false" />
  <assembly guid="Unity.Rendering.LightTransport.Runtime" path="E:\steam\steamapps\common\PEAK\PEAK_Data\Managed\Unity.Rendering.LightTransport.Runtime.dll" dateModified="638860183974979107" MMHOOKDate="0" references="" pluginVersion="0.0.0" badImageFormat="false" />
  <assembly guid="Unity.RenderPipeline.Universal.ShaderLibrary" path="E:\steam\steamapps\common\PEAK\PEAK_Data\Managed\Unity.RenderPipeline.Universal.ShaderLibrary.dll" dateModified="638860184279990794" MMHOOKDate="0" references="" pluginVersion="0.0.0" badImageFormat="false" />
  <assembly guid="Unity.RenderPipelines.Core.Runtime" path="E:\steam\steamapps\common\PEAK\PEAK_Data\Managed\Unity.RenderPipelines.Core.Runtime.dll" dateModified="638860183974979107" MMHOOKDate="0" references="" pluginVersion="0.0.0" badImageFormat="false" />
  <assembly guid="Unity.RenderPipelines.Core.Runtime.Shared" path="E:\steam\steamapps\common\PEAK\PEAK_Data\Managed\Unity.RenderPipelines.Core.Runtime.Shared.dll" dateModified="638860184275188253" MMHOOKDate="0" references="" pluginVersion="0.0.0" badImageFormat="false" />
  <assembly guid="Unity.RenderPipelines.Core.ShaderLibrary" path="E:\steam\steamapps\common\PEAK\PEAK_Data\Managed\Unity.RenderPipelines.Core.ShaderLibrary.dll" dateModified="638860184280864455" MMHOOKDate="0" references="" pluginVersion="0.0.0" badImageFormat="false" />
  <assembly guid="Unity.RenderPipelines.GPUDriven.Runtime" path="E:\steam\steamapps\common\PEAK\PEAK_Data\Managed\Unity.RenderPipelines.GPUDriven.Runtime.dll" dateModified="638860184275527323" MMHOOKDate="0" references="" pluginVersion="0.0.0" badImageFormat="false" />
  <assembly guid="Unity.RenderPipelines.ShaderGraph.ShaderGraphLibrary" path="E:\steam\steamapps\common\PEAK\PEAK_Data\Managed\Unity.RenderPipelines.ShaderGraph.ShaderGraphLibrary.dll" dateModified="638860184281082352" MMHOOKDate="0" references="" pluginVersion="0.0.0" badImageFormat="false" />
  <assembly guid="Unity.RenderPipelines.Universal.2D.Runtime" path="E:\steam\steamapps\common\PEAK\PEAK_Data\Managed\Unity.RenderPipelines.Universal.2D.Runtime.dll" dateModified="638860184280924721" MMHOOKDate="0" references="" pluginVersion="0.0.0" badImageFormat="false" />
  <assembly guid="Unity.RenderPipelines.Universal.Config.Runtime" path="E:\steam\steamapps\common\PEAK\PEAK_Data\Managed\Unity.RenderPipelines.Universal.Config.Runtime.dll" dateModified="638860184275198273" MMHOOKDate="0" references="" pluginVersion="0.0.0" badImageFormat="false" />
  <assembly guid="Unity.RenderPipelines.Universal.Runtime" path="E:\steam\steamapps\common\PEAK\PEAK_Data\Managed\Unity.RenderPipelines.Universal.Runtime.dll" dateModified="638860183974996477" MMHOOKDate="0" references="" pluginVersion="0.0.0" badImageFormat="false" />
  <assembly guid="Unity.RenderPipelines.Universal.Shaders" path="E:\steam\steamapps\common\PEAK\PEAK_Data\Managed\Unity.RenderPipelines.Universal.Shaders.dll" dateModified="638860184280864455" MMHOOKDate="0" references="" pluginVersion="0.0.0" badImageFormat="false" />
  <assembly guid="Unity.ResourceManager" path="E:\steam\steamapps\common\PEAK\PEAK_Data\Managed\Unity.ResourceManager.dll" dateModified="638860184275198273" MMHOOKDate="0" references="" pluginVersion="0.0.0" badImageFormat="false" />
  <assembly guid="Unity.ScriptableBuildPipeline" path="E:\steam\steamapps\common\PEAK\PEAK_Data\Managed\Unity.ScriptableBuildPipeline.dll" dateModified="638860184281082352" MMHOOKDate="0" references="" pluginVersion="0.0.0" badImageFormat="false" />
  <assembly guid="Unity.Services.Authentication" path="E:\steam\steamapps\common\PEAK\PEAK_Data\Managed\Unity.Services.Authentication.dll" dateModified="638860184280864455" MMHOOKDate="0" references="" pluginVersion="0.0.0" badImageFormat="false" />
  <assembly guid="Unity.Services.Authentication.PlayerAccounts" path="E:\steam\steamapps\common\PEAK\PEAK_Data\Managed\Unity.Services.Authentication.PlayerAccounts.dll" dateModified="638860184281082352" MMHOOKDate="0" references="" pluginVersion="0.0.0" badImageFormat="false" />
  <assembly guid="Unity.Services.Core.Analytics" path="E:\steam\steamapps\common\PEAK\PEAK_Data\Managed\Unity.Services.Core.Analytics.dll" dateModified="638860184281093276" MMHOOKDate="0" references="" pluginVersion="0.0.0" badImageFormat="false" />
  <assembly guid="Unity.Services.Core.Components" path="E:\steam\steamapps\common\PEAK\PEAK_Data\Managed\Unity.Services.Core.Components.dll" dateModified="638860184275208282" MMHOOKDate="0" references="" pluginVersion="0.0.0" badImageFormat="false" />
  <assembly guid="Unity.Services.Core.Configuration" path="E:\steam\steamapps\common\PEAK\PEAK_Data\Managed\Unity.Services.Core.Configuration.dll" dateModified="638860184280864455" MMHOOKDate="0" references="" pluginVersion="0.0.0" badImageFormat="false" />
  <assembly guid="Unity.Services.Core.Device" path="E:\steam\steamapps\common\PEAK\PEAK_Data\Managed\Unity.Services.Core.Device.dll" dateModified="638860184282017589" MMHOOKDate="0" references="" pluginVersion="0.0.0" badImageFormat="false" />
  <assembly guid="Unity.Services.Core" path="E:\steam\steamapps\common\PEAK\PEAK_Data\Managed\Unity.Services.Core.dll" dateModified="638860184281706423" MMHOOKDate="0" references="" pluginVersion="0.0.0" badImageFormat="false" />
  <assembly guid="Unity.Services.Core.Environments" path="E:\steam\steamapps\common\PEAK\PEAK_Data\Managed\Unity.Services.Core.Environments.dll" dateModified="638860184275178447" MMHOOKDate="0" references="" pluginVersion="0.0.0" badImageFormat="false" />
  <assembly guid="Unity.Services.Core.Environments.Internal" path="E:\steam\steamapps\common\PEAK\PEAK_Data\Managed\Unity.Services.Core.Environments.Internal.dll" dateModified="638860184281716918" MMHOOKDate="0" references="" pluginVersion="0.0.0" badImageFormat="false" />
  <assembly guid="Unity.Services.Core.Internal" path="E:\steam\steamapps\common\PEAK\PEAK_Data\Managed\Unity.Services.Core.Internal.dll" dateModified="638860184282017589" MMHOOKDate="0" references="" pluginVersion="0.0.0" badImageFormat="false" />
  <assembly guid="Unity.Services.Core.Networking" path="E:\steam\steamapps\common\PEAK\PEAK_Data\Managed\Unity.Services.Core.Networking.dll" dateModified="638860184275699553" MMHOOKDate="0" references="" pluginVersion="0.0.0" badImageFormat="false" />
  <assembly guid="Unity.Services.Core.Registration" path="E:\steam\steamapps\common\PEAK\PEAK_Data\Managed\Unity.Services.Core.Registration.dll" dateModified="638860184281716918" MMHOOKDate="0" references="" pluginVersion="0.0.0" badImageFormat="false" />
  <assembly guid="Unity.Services.Core.Scheduler" path="E:\steam\steamapps\common\PEAK\PEAK_Data\Managed\Unity.Services.Core.Scheduler.dll" dateModified="638860184275689546" MMHOOKDate="0" references="" pluginVersion="0.0.0" badImageFormat="false" />
  <assembly guid="Unity.Services.Core.Telemetry" path="E:\steam\steamapps\common\PEAK\PEAK_Data\Managed\Unity.Services.Core.Telemetry.dll" dateModified="638860184275689546" MMHOOKDate="0" references="" pluginVersion="0.0.0" badImageFormat="false" />
  <assembly guid="Unity.Services.Core.Threading" path="E:\steam\steamapps\common\PEAK\PEAK_Data\Managed\Unity.Services.Core.Threading.dll" dateModified="638860184282072785" MMHOOKDate="0" references="" pluginVersion="0.0.0" badImageFormat="false" />
  <assembly guid="Unity.Services.Multiplayer" path="E:\steam\steamapps\common\PEAK\PEAK_Data\Managed\Unity.Services.Multiplayer.dll" dateModified="638860183975006500" MMHOOKDate="0" references="" pluginVersion="0.0.0" badImageFormat="false" />
  <assembly guid="Unity.Services.QoS" path="E:\steam\steamapps\common\PEAK\PEAK_Data\Managed\Unity.Services.QoS.dll" dateModified="638860184281716918" MMHOOKDate="0" references="" pluginVersion="0.0.0" badImageFormat="false" />
  <assembly guid="Unity.Services.Wire.Internal" path="E:\steam\steamapps\common\PEAK\PEAK_Data\Managed\Unity.Services.Wire.Internal.dll" dateModified="638860184275699553" MMHOOKDate="0" references="" pluginVersion="0.0.0" badImageFormat="false" />
  <assembly guid="Unity.Splines" path="E:\steam\steamapps\common\PEAK\PEAK_Data\Managed\Unity.Splines.dll" dateModified="638860184282341603" MMHOOKDate="0" references="" pluginVersion="0.0.0" badImageFormat="false" />
  <assembly guid="Unity.TextMeshPro" path="E:\steam\steamapps\common\PEAK\PEAK_Data\Managed\Unity.TextMeshPro.dll" dateModified="638860183975016508" MMHOOKDate="0" references="" pluginVersion="0.0.0" badImageFormat="false" />
  <assembly guid="Unity.Timeline" path="E:\steam\steamapps\common\PEAK\PEAK_Data\Managed\Unity.Timeline.dll" dateModified="638860184282017589" MMHOOKDate="0" references="" pluginVersion="0.0.0" badImageFormat="false" />
  <assembly guid="Unity.VisualEffectGraph.Runtime" path="E:\steam\steamapps\common\PEAK\PEAK_Data\Managed\Unity.VisualEffectGraph.Runtime.dll" dateModified="638860184282485335" MMHOOKDate="0" references="" pluginVersion="0.0.0" badImageFormat="false" />
  <assembly guid="UnityEngine.AccessibilityModule" path="E:\steam\steamapps\common\PEAK\PEAK_Data\Managed\UnityEngine.AccessibilityModule.dll" dateModified="638860184282341603" MMHOOKDate="0" references="" pluginVersion="0.0.0" badImageFormat="false" />
  <assembly guid="UnityEngine.AIModule" path="E:\steam\steamapps\common\PEAK\PEAK_Data\Managed\UnityEngine.AIModule.dll" dateModified="638860184281716918" MMHOOKDate="0" references="" pluginVersion="0.0.0" badImageFormat="false" />
  <assembly guid="UnityEngine.AMDModule" path="E:\steam\steamapps\common\PEAK\PEAK_Data\Managed\UnityEngine.AMDModule.dll" dateModified="638860184282958540" MMHOOKDate="0" references="" pluginVersion="0.0.0" badImageFormat="false" />
  <assembly guid="UnityEngine.AndroidJNIModule" path="E:\steam\steamapps\common\PEAK\PEAK_Data\Managed\UnityEngine.AndroidJNIModule.dll" dateModified="638860184283314375" MMHOOKDate="0" references="" pluginVersion="0.0.0" badImageFormat="false" />
  <assembly guid="UnityEngine.AnimationModule" path="E:\steam\steamapps\common\PEAK\PEAK_Data\Managed\UnityEngine.AnimationModule.dll" dateModified="638860184282072785" MMHOOKDate="0" references="" pluginVersion="0.0.0" badImageFormat="false" />
  <assembly guid="UnityEngine.ARModule" path="E:\steam\steamapps\common\PEAK\PEAK_Data\Managed\UnityEngine.ARModule.dll" dateModified="638860184281716918" MMHOOKDate="0" references="" pluginVersion="0.0.0" badImageFormat="false" />
  <assembly guid="UnityEngine.AssetBundleModule" path="E:\steam\steamapps\common\PEAK\PEAK_Data\Managed\UnityEngine.AssetBundleModule.dll" dateModified="638860184283120005" MMHOOKDate="0" references="" pluginVersion="0.0.0" badImageFormat="false" />
  <assembly guid="UnityEngine.AudioModule" path="E:\steam\steamapps\common\PEAK\PEAK_Data\Managed\UnityEngine.AudioModule.dll" dateModified="638860184275965303" MMHOOKDate="0" references="" pluginVersion="0.0.0" badImageFormat="false" />
  <assembly guid="UnityEngine.ClothModule" path="E:\steam\steamapps\common\PEAK\PEAK_Data\Managed\UnityEngine.ClothModule.dll" dateModified="638860184275699553" MMHOOKDate="0" references="" pluginVersion="0.0.0" badImageFormat="false" />
  <assembly guid="UnityEngine.ClusterInputModule" path="E:\steam\steamapps\common\PEAK\PEAK_Data\Managed\UnityEngine.ClusterInputModule.dll" dateModified="638860184275689546" MMHOOKDate="0" references="" pluginVersion="0.0.0" badImageFormat="false" />
  <assembly guid="UnityEngine.ClusterRendererModule" path="E:\steam\steamapps\common\PEAK\PEAK_Data\Managed\UnityEngine.ClusterRendererModule.dll" dateModified="638860184282691561" MMHOOKDate="0" references="" pluginVersion="0.0.0" badImageFormat="false" />
  <assembly guid="UnityEngine.ContentLoadModule" path="E:\steam\steamapps\common\PEAK\PEAK_Data\Managed\UnityEngine.ContentLoadModule.dll" dateModified="638860184275699553" MMHOOKDate="0" references="" pluginVersion="0.0.0" badImageFormat="false" />
  <assembly guid="UnityEngine.CoreModule" path="E:\steam\steamapps\common\PEAK\PEAK_Data\Managed\UnityEngine.CoreModule.dll" dateModified="638860183975031555" MMHOOKDate="0" references="" pluginVersion="0.0.0" badImageFormat="false" />
  <assembly guid="UnityEngine.CrashReportingModule" path="E:\steam\steamapps\common\PEAK\PEAK_Data\Managed\UnityEngine.CrashReportingModule.dll" dateModified="638860184282072785" MMHOOKDate="0" references="" pluginVersion="0.0.0" badImageFormat="false" />
  <assembly guid="UnityEngine.DirectorModule" path="E:\steam\steamapps\common\PEAK\PEAK_Data\Managed\UnityEngine.DirectorModule.dll" dateModified="638860184282958540" MMHOOKDate="0" references="" pluginVersion="0.0.0" badImageFormat="false" />
  <assembly guid="UnityEngine" path="E:\steam\steamapps\common\PEAK\PEAK_Data\Managed\UnityEngine.dll" dateModified="638860184283576684" MMHOOKDate="0" references="" pluginVersion="0.0.0" badImageFormat="false" />
  <assembly guid="UnityEngine.DSPGraphModule" path="E:\steam\steamapps\common\PEAK\PEAK_Data\Managed\UnityEngine.DSPGraphModule.dll" dateModified="638860184276162596" MMHOOKDate="0" references="" pluginVersion="0.0.0" badImageFormat="false" />
  <assembly guid="UnityEngine.GameCenterModule" path="E:\steam\steamapps\common\PEAK\PEAK_Data\Managed\UnityEngine.GameCenterModule.dll" dateModified="638860184283130020" MMHOOKDate="0" references="" pluginVersion="0.0.0" badImageFormat="false" />
  <assembly guid="UnityEngine.GIModule" path="E:\steam\steamapps\common\PEAK\PEAK_Data\Managed\UnityEngine.GIModule.dll" dateModified="638860184282072785" MMHOOKDate="0" references="" pluginVersion="0.0.0" badImageFormat="false" />
  <assembly guid="UnityEngine.GraphicsStateCollectionSerializerModule" path="E:\steam\steamapps\common\PEAK\PEAK_Data\Managed\UnityEngine.GraphicsStateCollectionSerializerModule.dll" dateModified="638860184283314375" MMHOOKDate="0" references="" pluginVersion="0.0.0" badImageFormat="false" />
  <assembly guid="UnityEngine.GridModule" path="E:\steam\steamapps\common\PEAK\PEAK_Data\Managed\UnityEngine.GridModule.dll" dateModified="638860184282485335" MMHOOKDate="0" references="" pluginVersion="0.0.0" badImageFormat="false" />
  <assembly guid="UnityEngine.HierarchyCoreModule" path="E:\steam\steamapps\common\PEAK\PEAK_Data\Managed\UnityEngine.HierarchyCoreModule.dll" dateModified="638860184282331599" MMHOOKDate="0" references="" pluginVersion="0.0.0" badImageFormat="false" />
  <assembly guid="UnityEngine.HotReloadModule" path="E:\steam\steamapps\common\PEAK\PEAK_Data\Managed\UnityEngine.HotReloadModule.dll" dateModified="638860184276152594" MMHOOKDate="0" references="" pluginVersion="0.0.0" badImageFormat="false" />
  <assembly guid="UnityEngine.ImageConversionModule" path="E:\steam\steamapps\common\PEAK\PEAK_Data\Managed\UnityEngine.ImageConversionModule.dll" dateModified="638860184282331599" MMHOOKDate="0" references="" pluginVersion="0.0.0" badImageFormat="false" />
  <assembly guid="UnityEngine.IMGUIModule" path="E:\steam\steamapps\common\PEAK\PEAK_Data\Managed\UnityEngine.IMGUIModule.dll" dateModified="638860184283576684" MMHOOKDate="0" references="" pluginVersion="0.0.0" badImageFormat="false" />
  <assembly guid="UnityEngine.InputForUIModule" path="E:\steam\steamapps\common\PEAK\PEAK_Data\Managed\UnityEngine.InputForUIModule.dll" dateModified="638860184282958540" MMHOOKDate="0" references="" pluginVersion="0.0.0" badImageFormat="false" />
  <assembly guid="UnityEngine.InputLegacyModule" path="E:\steam\steamapps\common\PEAK\PEAK_Data\Managed\UnityEngine.InputLegacyModule.dll" dateModified="638860184282958540" MMHOOKDate="0" references="" pluginVersion="0.0.0" badImageFormat="false" />
  <assembly guid="UnityEngine.InputModule" path="E:\steam\steamapps\common\PEAK\PEAK_Data\Managed\UnityEngine.InputModule.dll" dateModified="638860184283576684" MMHOOKDate="0" references="" pluginVersion="0.0.0" badImageFormat="false" />
  <assembly guid="UnityEngine.JSONSerializeModule" path="E:\steam\steamapps\common\PEAK\PEAK_Data\Managed\UnityEngine.JSONSerializeModule.dll" dateModified="638860184276174720" MMHOOKDate="0" references="" pluginVersion="0.0.0" badImageFormat="false" />
  <assembly guid="UnityEngine.LocalizationModule" path="E:\steam\steamapps\common\PEAK\PEAK_Data\Managed\UnityEngine.LocalizationModule.dll" dateModified="638860184276174720" MMHOOKDate="0" references="" pluginVersion="0.0.0" badImageFormat="false" />
  <assembly guid="UnityEngine.MarshallingModule" path="E:\steam\steamapps\common\PEAK\PEAK_Data\Managed\UnityEngine.MarshallingModule.dll" dateModified="638860184283576684" MMHOOKDate="0" references="" pluginVersion="0.0.0" badImageFormat="false" />
  <assembly guid="UnityEngine.MultiplayerModule" path="E:\steam\steamapps\common\PEAK\PEAK_Data\Managed\UnityEngine.MultiplayerModule.dll" dateModified="638860184276425360" MMHOOKDate="0" references="" pluginVersion="0.0.0" badImageFormat="false" />
  <assembly guid="UnityEngine.NVIDIAModule" path="E:\steam\steamapps\common\PEAK\PEAK_Data\Managed\UnityEngine.NVIDIAModule.dll" dateModified="638860184276174720" MMHOOKDate="0" references="" pluginVersion="0.0.0" badImageFormat="false" />
  <assembly guid="UnityEngine.ParticleSystemModule" path="E:\steam\steamapps\common\PEAK\PEAK_Data\Managed\UnityEngine.ParticleSystemModule.dll" dateModified="638860184276757664" MMHOOKDate="0" references="" pluginVersion="0.0.0" badImageFormat="false" />
  <assembly guid="UnityEngine.PerformanceReportingModule" path="E:\steam\steamapps\common\PEAK\PEAK_Data\Managed\UnityEngine.PerformanceReportingModule.dll" dateModified="638860184282691561" MMHOOKDate="0" references="" pluginVersion="0.0.0" badImageFormat="false" />
  <assembly guid="UnityEngine.Physics2DModule" path="E:\steam\steamapps\common\PEAK\PEAK_Data\Managed\UnityEngine.Physics2DModule.dll" dateModified="638860184283576684" MMHOOKDate="0" references="" pluginVersion="0.0.0" badImageFormat="false" />
  <assembly guid="UnityEngine.PhysicsModule" path="E:\steam\steamapps\common\PEAK\PEAK_Data\Managed\UnityEngine.PhysicsModule.dll" dateModified="638860184276767669" MMHOOKDate="0" references="" pluginVersion="0.0.0" badImageFormat="false" />
  <assembly guid="UnityEngine.PropertiesModule" path="E:\steam\steamapps\common\PEAK\PEAK_Data\Managed\UnityEngine.PropertiesModule.dll" dateModified="638860184283928302" MMHOOKDate="0" references="" pluginVersion="0.0.0" badImageFormat="false" />
  <assembly guid="UnityEngine.RuntimeInitializeOnLoadManagerInitializerModule" path="E:\steam\steamapps\common\PEAK\PEAK_Data\Managed\UnityEngine.RuntimeInitializeOnLoadManagerInitializerModule.dll" dateModified="638860184283314375" MMHOOKDate="0" references="" pluginVersion="0.0.0" badImageFormat="false" />
  <assembly guid="UnityEngine.ScreenCaptureModule" path="E:\steam\steamapps\common\PEAK\PEAK_Data\Managed\UnityEngine.ScreenCaptureModule.dll" dateModified="638860184276767669" MMHOOKDate="0" references="" pluginVersion="0.0.0" badImageFormat="false" />
  <assembly guid="UnityEngine.ShaderVariantAnalyticsModule" path="E:\steam\steamapps\common\PEAK\PEAK_Data\Managed\UnityEngine.ShaderVariantAnalyticsModule.dll" dateModified="638860184283120005" MMHOOKDate="0" references="" pluginVersion="0.0.0" badImageFormat="false" />
  <assembly guid="UnityEngine.SharedInternalsModule" path="E:\steam\steamapps\common\PEAK\PEAK_Data\Managed\UnityEngine.SharedInternalsModule.dll" dateModified="638860184283576684" MMHOOKDate="0" references="" pluginVersion="0.0.0" badImageFormat="false" />
  <assembly guid="UnityEngine.SpriteMaskModule" path="E:\steam\steamapps\common\PEAK\PEAK_Data\Managed\UnityEngine.SpriteMaskModule.dll" dateModified="638860184283314375" MMHOOKDate="0" references="" pluginVersion="0.0.0" badImageFormat="false" />
  <assembly guid="UnityEngine.SpriteShapeModule" path="E:\steam\steamapps\common\PEAK\PEAK_Data\Managed\UnityEngine.SpriteShapeModule.dll" dateModified="638860184277044016" MMHOOKDate="0" references="" pluginVersion="0.0.0" badImageFormat="false" />
  <assembly guid="UnityEngine.StreamingModule" path="E:\steam\steamapps\common\PEAK\PEAK_Data\Managed\UnityEngine.StreamingModule.dll" dateModified="638860184283314375" MMHOOKDate="0" references="" pluginVersion="0.0.0" badImageFormat="false" />
  <assembly guid="UnityEngine.SubstanceModule" path="E:\steam\steamapps\common\PEAK\PEAK_Data\Managed\UnityEngine.SubstanceModule.dll" dateModified="638860184283314375" MMHOOKDate="0" references="" pluginVersion="0.0.0" badImageFormat="false" />
  <assembly guid="UnityEngine.SubsystemsModule" path="E:\steam\steamapps\common\PEAK\PEAK_Data\Managed\UnityEngine.SubsystemsModule.dll" dateModified="638860184283314375" MMHOOKDate="0" references="" pluginVersion="0.0.0" badImageFormat="false" />
  <assembly guid="UnityEngine.TerrainModule" path="E:\steam\steamapps\common\PEAK\PEAK_Data\Managed\UnityEngine.TerrainModule.dll" dateModified="638860184284574425" MMHOOKDate="0" references="" pluginVersion="0.0.0" badImageFormat="false" />
  <assembly guid="UnityEngine.TerrainPhysicsModule" path="E:\steam\steamapps\common\PEAK\PEAK_Data\Managed\UnityEngine.TerrainPhysicsModule.dll" dateModified="638860184283943336" MMHOOKDate="0" references="" pluginVersion="0.0.0" badImageFormat="false" />
  <assembly guid="UnityEngine.TextCoreFontEngineModule" path="E:\steam\steamapps\common\PEAK\PEAK_Data\Managed\UnityEngine.TextCoreFontEngineModule.dll" dateModified="638860184277498739" MMHOOKDate="0" references="" pluginVersion="0.0.0" badImageFormat="false" />
  <assembly guid="UnityEngine.TextCoreTextEngineModule" path="E:\steam\steamapps\common\PEAK\PEAK_Data\Managed\UnityEngine.TextCoreTextEngineModule.dll" dateModified="638860183975056660" MMHOOKDate="0" references="" pluginVersion="0.0.0" badImageFormat="false" />
  <assembly guid="UnityEngine.TextRenderingModule" path="E:\steam\steamapps\common\PEAK\PEAK_Data\Managed\UnityEngine.TextRenderingModule.dll" dateModified="638860184277049058" MMHOOKDate="0" references="" pluginVersion="0.0.0" badImageFormat="false" />
  <assembly guid="UnityEngine.TilemapModule" path="E:\steam\steamapps\common\PEAK\PEAK_Data\Managed\UnityEngine.TilemapModule.dll" dateModified="638860184283943336" MMHOOKDate="0" references="" pluginVersion="0.0.0" badImageFormat="false" />
  <assembly guid="UnityEngine.TLSModule" path="E:\steam\steamapps\common\PEAK\PEAK_Data\Managed\UnityEngine.TLSModule.dll" dateModified="638860184283943336" MMHOOKDate="0" references="" pluginVersion="0.0.0" badImageFormat="false" />
  <assembly guid="UnityEngine.UI" path="E:\steam\steamapps\common\PEAK\PEAK_Data\Managed\UnityEngine.UI.dll" dateModified="638860183975056660" MMHOOKDate="0" references="" pluginVersion="0.0.0" badImageFormat="false" />
  <assembly guid="UnityEngine.UIElementsModule" path="E:\steam\steamapps\common\PEAK\PEAK_Data\Managed\UnityEngine.UIElementsModule.dll" dateModified="638860183975066667" MMHOOKDate="0" references="" pluginVersion="0.0.0" badImageFormat="false" />
  <assembly guid="UnityEngine.UIModule" path="E:\steam\steamapps\common\PEAK\PEAK_Data\Managed\UnityEngine.UIModule.dll" dateModified="638860184283576684" MMHOOKDate="0" references="" pluginVersion="0.0.0" badImageFormat="false" />
  <assembly guid="UnityEngine.UmbraModule" path="E:\steam\steamapps\common\PEAK\PEAK_Data\Managed\UnityEngine.UmbraModule.dll" dateModified="638860184283314375" MMHOOKDate="0" references="" pluginVersion="0.0.0" badImageFormat="false" />
  <assembly guid="UnityEngine.UnityAnalyticsCommonModule" path="E:\steam\steamapps\common\PEAK\PEAK_Data\Managed\UnityEngine.UnityAnalyticsCommonModule.dll" dateModified="638860184277034010" MMHOOKDate="0" references="" pluginVersion="0.0.0" badImageFormat="false" />
  <assembly guid="UnityEngine.UnityAnalyticsModule" path="E:\steam\steamapps\common\PEAK\PEAK_Data\Managed\UnityEngine.UnityAnalyticsModule.dll" dateModified="638860184277034010" MMHOOKDate="0" references="" pluginVersion="0.0.0" badImageFormat="false" />
  <assembly guid="UnityEngine.UnityConnectModule" path="E:\steam\steamapps\common\PEAK\PEAK_Data\Managed\UnityEngine.UnityConnectModule.dll" dateModified="638860184283953488" MMHOOKDate="0" references="" pluginVersion="0.0.0" badImageFormat="false" />
  <assembly guid="UnityEngine.UnityCurlModule" path="E:\steam\steamapps\common\PEAK\PEAK_Data\Managed\UnityEngine.UnityCurlModule.dll" dateModified="638860184277044016" MMHOOKDate="0" references="" pluginVersion="0.0.0" badImageFormat="false" />
  <assembly guid="UnityEngine.UnityTestProtocolModule" path="E:\steam\steamapps\common\PEAK\PEAK_Data\Managed\UnityEngine.UnityTestProtocolModule.dll" dateModified="638860184283928302" MMHOOKDate="0" references="" pluginVersion="0.0.0" badImageFormat="false" />
  <assembly guid="UnityEngine.UnityWebRequestAssetBundleModule" path="E:\steam\steamapps\common\PEAK\PEAK_Data\Managed\UnityEngine.UnityWebRequestAssetBundleModule.dll" dateModified="638860184277488725" MMHOOKDate="0" references="" pluginVersion="0.0.0" badImageFormat="false" />
  <assembly guid="UnityEngine.UnityWebRequestAudioModule" path="E:\steam\steamapps\common\PEAK\PEAK_Data\Managed\UnityEngine.UnityWebRequestAudioModule.dll" dateModified="638860184277413473" MMHOOKDate="0" references="" pluginVersion="0.0.0" badImageFormat="false" />
  <assembly guid="UnityEngine.UnityWebRequestModule" path="E:\steam\steamapps\common\PEAK\PEAK_Data\Managed\UnityEngine.UnityWebRequestModule.dll" dateModified="638860184283943336" MMHOOKDate="0" references="" pluginVersion="0.0.0" badImageFormat="false" />
  <assembly guid="UnityEngine.UnityWebRequestTextureModule" path="E:\steam\steamapps\common\PEAK\PEAK_Data\Managed\UnityEngine.UnityWebRequestTextureModule.dll" dateModified="638860184283953488" MMHOOKDate="0" references="" pluginVersion="0.0.0" badImageFormat="false" />
  <assembly guid="UnityEngine.UnityWebRequestWWWModule" path="E:\steam\steamapps\common\PEAK\PEAK_Data\Managed\UnityEngine.UnityWebRequestWWWModule.dll" dateModified="638860184283943336" MMHOOKDate="0" references="" pluginVersion="0.0.0" badImageFormat="false" />
  <assembly guid="UnityEngine.VehiclesModule" path="E:\steam\steamapps\common\PEAK\PEAK_Data\Managed\UnityEngine.VehiclesModule.dll" dateModified="638860184283943336" MMHOOKDate="0" references="" pluginVersion="0.0.0" badImageFormat="false" />
  <assembly guid="UnityEngine.VFXModule" path="E:\steam\steamapps\common\PEAK\PEAK_Data\Managed\UnityEngine.VFXModule.dll" dateModified="638860184277413473" MMHOOKDate="0" references="" pluginVersion="0.0.0" badImageFormat="false" />
  <assembly guid="UnityEngine.VideoModule" path="E:\steam\steamapps\common\PEAK\PEAK_Data\Managed\UnityEngine.VideoModule.dll" dateModified="638860184277498739" MMHOOKDate="0" references="" pluginVersion="0.0.0" badImageFormat="false" />
  <assembly guid="UnityEngine.VirtualTexturingModule" path="E:\steam\steamapps\common\PEAK\PEAK_Data\Managed\UnityEngine.VirtualTexturingModule.dll" dateModified="638860184284584432" MMHOOKDate="0" references="" pluginVersion="0.0.0" badImageFormat="false" />
  <assembly guid="UnityEngine.VRModule" path="E:\steam\steamapps\common\PEAK\PEAK_Data\Managed\UnityEngine.VRModule.dll" dateModified="638860184284584432" MMHOOKDate="0" references="" pluginVersion="0.0.0" badImageFormat="false" />
  <assembly guid="UnityEngine.WindModule" path="E:\steam\steamapps\common\PEAK\PEAK_Data\Managed\UnityEngine.WindModule.dll" dateModified="638860184284584432" MMHOOKDate="0" references="" pluginVersion="0.0.0" badImageFormat="false" />
  <assembly guid="UnityEngine.XRModule" path="E:\steam\steamapps\common\PEAK\PEAK_Data\Managed\UnityEngine.XRModule.dll" dateModified="638860184284574425" MMHOOKDate="0" references="" pluginVersion="0.0.0" badImageFormat="false" />
  <assembly guid="UnityUIExtensions" path="E:\steam\steamapps\common\PEAK\PEAK_Data\Managed\UnityUIExtensions.dll" dateModified="638860183975086682" MMHOOKDate="0" references="" pluginVersion="0.0.0" badImageFormat="false" />
  <assembly guid="websocket-sharp" path="E:\steam\steamapps\common\PEAK\PEAK_Data\Managed\websocket-sharp.dll" dateModified="638860184285304488" MMHOOKDate="0" references="" pluginVersion="0.0.0" badImageFormat="false" />
  <assembly guid="Whinarn.UnityMeshSimplifier.Runtime" path="E:\steam\steamapps\common\PEAK\PEAK_Data\Managed\Whinarn.UnityMeshSimplifier.Runtime.dll" dateModified="638860184284584432" MMHOOKDate="0" references="" pluginVersion="0.0.0" badImageFormat="false" />
  <assembly guid="Zorro.AutoLOD" path="E:\steam\steamapps\common\PEAK\PEAK_Data\Managed\Zorro.AutoLOD.dll" dateModified="638860184277413473" MMHOOKDate="0" references="" pluginVersion="0.0.0" badImageFormat="false" />
  <assembly guid="Zorro.ControllerSupport" path="E:\steam\steamapps\common\PEAK\PEAK_Data\Managed\Zorro.ControllerSupport.dll" dateModified="638860184284584432" MMHOOKDate="0" references="" pluginVersion="0.0.0" badImageFormat="false" />
  <assembly guid="Zorro.Core.Runtime" path="E:\steam\steamapps\common\PEAK\PEAK_Data\Managed\Zorro.Core.Runtime.dll" dateModified="638860184277413473" MMHOOKDate="0" references="" pluginVersion="0.0.0" badImageFormat="false" />
  <assembly guid="Zorro.JiggleBones" path="E:\steam\steamapps\common\PEAK\PEAK_Data\Managed\Zorro.JiggleBones.dll" dateModified="638860184283943336" MMHOOKDate="0" references="" pluginVersion="0.0.0" badImageFormat="false" />
  <assembly guid="Zorro.PhotonUtility" path="E:\steam\steamapps\common\PEAK\PEAK_Data\Managed\Zorro.PhotonUtility.dll" dateModified="638860184277413473" MMHOOKDate="0" references="" pluginVersion="0.0.0" badImageFormat="false" />
  <assembly guid="Zorro.Settings.Runtime" path="E:\steam\steamapps\common\PEAK\PEAK_Data\Managed\Zorro.Settings.Runtime.dll" dateModified="638860184285329692" MMHOOKDate="0" references="" pluginVersion="0.0.0" badImageFormat="false" />
  <assembly guid="Zorro.UI.Runtime" path="E:\steam\steamapps\common\PEAK\PEAK_Data\Managed\Zorro.UI.Runtime.dll" dateModified="638860184285329692" MMHOOKDate="0" references="" pluginVersion="0.0.0" badImageFormat="false" />
  <assembly guid="0Harmony" path="E:\steam\steamapps\common\PEAK\BepInEx\core\0Harmony.dll" dateModified="638858800270000000" MMHOOKDate="0" references="" pluginVersion="0.0.0" badImageFormat="false" />
  <assembly guid="0Harmony20" path="E:\steam\steamapps\common\PEAK\BepInEx\core\0Harmony20.dll" dateModified="638858800270000000" MMHOOKDate="0" references="" pluginVersion="0.0.0" badImageFormat="false" />
  <assembly guid="BepInEx" path="E:\steam\steamapps\common\PEAK\BepInEx\core\BepInEx.dll" dateModified="638858800270000000" MMHOOKDate="0" references="" pluginVersion="0.0.0" badImageFormat="false" />
  <assembly guid="BepInEx.Harmony" path="E:\steam\steamapps\common\PEAK\BepInEx\core\BepInEx.Harmony.dll" dateModified="638858800270000000" MMHOOKDate="0" references="" pluginVersion="0.0.0" badImageFormat="false" />
  <assembly guid="BepInEx.Preloader" path="E:\steam\steamapps\common\PEAK\BepInEx\core\BepInEx.Preloader.dll" dateModified="638858800270000000" MMHOOKDate="0" references="" pluginVersion="0.0.0" badImageFormat="false" />
  <assembly guid="HarmonyXInterop" path="E:\steam\steamapps\common\PEAK\BepInEx\core\HarmonyXInterop.dll" dateModified="638858800270000000" MMHOOKDate="0" references="" pluginVersion="0.0.0" badImageFormat="false" />
  <assembly guid="Mono.Cecil" path="E:\steam\steamapps\common\PEAK\BepInEx\core\Mono.Cecil.dll" dateModified="638858800270000000" MMHOOKDate="0" references="" pluginVersion="0.0.0" badImageFormat="false" />
  <assembly guid="Mono.Cecil.Mdb" path="E:\steam\steamapps\common\PEAK\BepInEx\core\Mono.Cecil.Mdb.dll" dateModified="638858800270000000" MMHOOKDate="0" references="" pluginVersion="0.0.0" badImageFormat="false" />
  <assembly guid="Mono.Cecil.Pdb" path="E:\steam\steamapps\common\PEAK\BepInEx\core\Mono.Cecil.Pdb.dll" dateModified="638858800270000000" MMHOOKDate="0" references="" pluginVersion="0.0.0" badImageFormat="false" />
  <assembly guid="Mono.Cecil.Rocks" path="E:\steam\steamapps\common\PEAK\BepInEx\core\Mono.Cecil.Rocks.dll" dateModified="638858800270000000" MMHOOKDate="0" references="" pluginVersion="0.0.0" badImageFormat="false" />
  <assembly guid="MonoMod" path="E:\steam\steamapps\common\PEAK\BepInEx\core\MonoMod.dll" dateModified="638859492680000000" MMHOOKDate="0" references="" pluginVersion="0.0.0" badImageFormat="false" />
  <assembly guid="MonoMod.RuntimeDetour" path="E:\steam\steamapps\common\PEAK\BepInEx\core\MonoMod.RuntimeDetour.dll" dateModified="638858800270000000" MMHOOKDate="0" references="" pluginVersion="0.0.0" badImageFormat="false" />
  <assembly guid="MonoMod.RuntimeDetour.HookGen" path="E:\steam\steamapps\common\PEAK\BepInEx\core\MonoMod.RuntimeDetour.HookGen.dll" dateModified="638859492680000000" MMHOOKDate="0" references="" pluginVersion="0.0.0" badImageFormat="false" />
  <assembly guid="MonoMod.Utils" path="E:\steam\steamapps\common\PEAK\BepInEx\core\MonoMod.Utils.dll" dateModified="638858800270000000" MMHOOKDate="0" references="" pluginVersion="0.0.0" badImageFormat="false" />
  <assembly guid="XUnity.Common" path="E:\steam\steamapps\common\PEAK\BepInEx\core\XUnity.Common.dll" dateModified="638788135832287376" MMHOOKDate="0" references="" pluginVersion="0.0.0" badImageFormat="false" />
  <assembly guid="BepInEx.MonoMod.AutoHookGenPatcher" path="E:\steam\steamapps\common\PEAK\BepInEx\patchers\Hamunii-AutoHookGenPatcher\BepInEx.MonoMod.AutoHookGenPatcher.dll" dateModified="638859492680000000" MMHOOKDate="0" references="" pluginVersion="0.0.0" badImageFormat="false" />
  <assembly guid="Hamunii.DetourContext.Dispose_Fix" path="E:\steam\steamapps\common\PEAK\BepInEx\patchers\Hamunii-DetourContext_Dispose_Fix\Hamunii.DetourContext.Dispose_Fix.dll" dateModified="638859489360000000" MMHOOKDate="0" references="" pluginVersion="0.0.0" badImageFormat="false" />
  <assembly guid="ExIni" path="E:\steam\steamapps\common\PEAK\BepInEx\plugins\XUnity.AutoTranslator\ExIni.dll" dateModified="637712085746489997" MMHOOKDate="0" references="" pluginVersion="0.0.0" badImageFormat="false" />
  <assembly guid="gravydevsupreme.xunity.autotranslator" path="E:\steam\steamapps\common\PEAK\BepInEx\plugins\XUnity.AutoTranslator\XUnity.AutoTranslator.Plugin.BepInEx.dll" dateModified="638788135898862372" MMHOOKDate="0" references="" pluginVersion="5.4.5" badImageFormat="false" />
  <assembly guid="XUnity.AutoTranslator.Plugin.Core" path="E:\steam\steamapps\common\PEAK\BepInEx\plugins\XUnity.AutoTranslator\XUnity.AutoTranslator.Plugin.Core.dll" dateModified="638788135852425698" MMHOOKDate="0" references="" pluginVersion="0.0.0" badImageFormat="false" />
  <assembly guid="XUnity.AutoTranslator.Plugin.ExtProtocol" path="E:\steam\steamapps\common\PEAK\BepInEx\plugins\XUnity.AutoTranslator\XUnity.AutoTranslator.Plugin.ExtProtocol.dll" dateModified="638788135819035329" MMHOOKDate="0" references="" pluginVersion="0.0.0" badImageFormat="false" />
  <assembly guid="gravydevsupreme.xunity.resourceredirector" path="E:\steam\steamapps\common\PEAK\BepInEx\plugins\XUnity.ResourceRedirector\XUnity.ResourceRedirector.BepInEx.dll" dateModified="638788135845499395" MMHOOKDate="0" references="" pluginVersion="2.1.0" badImageFormat="false" />
  <assembly guid="XUnity.ResourceRedirector" path="E:\steam\steamapps\common\PEAK\BepInEx\plugins\XUnity.ResourceRedirector\XUnity.ResourceRedirector.dll" dateModified="638788135843007127" MMHOOKDate="0" references="" pluginVersion="0.0.0" badImageFormat="false" />
  <assembly guid="nickklmao.easybackpack" path="E:\steam\steamapps\common\PEAK\BepInEx\plugins\【功能】便捷背包\EasyBackpack.dll" dateModified="638859131590902237" MMHOOKDate="0" references="" pluginVersion="1.0.0" badImageFormat="false" />
  <assembly guid="PeakUnlimited" path="E:\steam\steamapps\common\PEAK\BepInEx\plugins\【功能】多人模组\PeakUnlimited.dll" dateModified="638859919055798143" MMHOOKDate="0" references="" pluginVersion="1.0.0" badImageFormat="false" />
  <assembly guid="com.Zahirgamer444.NoFallDamage" path="E:\steam\steamapps\common\PEAK\BepInEx\plugins\【实用】无坠落伤害\NoFallDamage.dll" dateModified="638859762407900498" MMHOOKDate="0" references="" pluginVersion="1.0.0" badImageFormat="false" />
  <assembly guid="com.mathis.infinitestamina" path="E:\steam\steamapps\common\PEAK\BepInEx\plugins\【实用】无限耐力\InfiniteStamina.dll" dateModified="638859208078504290" MMHOOKDate="0" references="" pluginVersion="1.0.0" badImageFormat="false" />
  <assembly guid="com.Zahirgamer444.NoHunger" path="E:\steam\steamapps\common\PEAK\BepInEx\plugins\【实用】无饥饿状态\NoHunger.dll" dateModified="638859469140000000" MMHOOKDate="0" references="" pluginVersion="1.0.0" badImageFormat="false" />
  <assembly guid="com.mathis.flymod" path="E:\steam\steamapps\common\PEAK\BepInEx\plugins\【实用】飞行模式\FlyMod.dll" dateModified="638859576570000000" MMHOOKDate="0" references="" pluginVersion="1.0.0" badImageFormat="false" />
  <assembly guid="BaiduTranslate" path="E:\steam\steamapps\common\PEAK\BepInEx\plugins\XUnity.AutoTranslator\Translators\BaiduTranslate.dll" dateModified="638788135891135327" MMHOOKDate="0" references="" pluginVersion="0.0.0" badImageFormat="false" />
  <assembly guid="BingTranslate" path="E:\steam\steamapps\common\PEAK\BepInEx\plugins\XUnity.AutoTranslator\Translators\BingTranslate.dll" dateModified="638788135893657620" MMHOOKDate="0" references="" pluginVersion="0.0.0" badImageFormat="false" />
  <assembly guid="BingTranslateLegitimate" path="E:\steam\steamapps\common\PEAK\BepInEx\plugins\XUnity.AutoTranslator\Translators\BingTranslateLegitimate.dll" dateModified="638788135892216308" MMHOOKDate="0" references="" pluginVersion="0.0.0" badImageFormat="false" />
  <assembly guid="CustomTranslate" path="E:\steam\steamapps\common\PEAK\BepInEx\plugins\XUnity.AutoTranslator\Translators\CustomTranslate.dll" dateModified="638788135891175361" MMHOOKDate="0" references="" pluginVersion="0.0.0" badImageFormat="false" />
  <assembly guid="DeepLTranslate" path="E:\steam\steamapps\common\PEAK\BepInEx\plugins\XUnity.AutoTranslator\Translators\DeepLTranslate.dll" dateModified="638788135886650627" MMHOOKDate="0" references="" pluginVersion="0.0.0" badImageFormat="false" />
  <assembly guid="ezTransXP" path="E:\steam\steamapps\common\PEAK\BepInEx\plugins\XUnity.AutoTranslator\Translators\ezTransXP.dll" dateModified="638788135894248162" MMHOOKDate="0" references="" pluginVersion="0.0.0" badImageFormat="false" />
  <assembly guid="GoogleTranslate" path="E:\steam\steamapps\common\PEAK\BepInEx\plugins\XUnity.AutoTranslator\Translators\GoogleTranslate.dll" dateModified="638788135891405572" MMHOOKDate="0" references="" pluginVersion="0.0.0" badImageFormat="false" />
  <assembly guid="GoogleTranslateCompat" path="E:\steam\steamapps\common\PEAK\BepInEx\plugins\XUnity.AutoTranslator\Translators\GoogleTranslateCompat.dll" dateModified="638788135890865078" MMHOOKDate="0" references="" pluginVersion="0.0.0" badImageFormat="false" />
  <assembly guid="GoogleTranslateLegitimate" path="E:\steam\steamapps\common\PEAK\BepInEx\plugins\XUnity.AutoTranslator\Translators\GoogleTranslateLegitimate.dll" dateModified="638788135890534786" MMHOOKDate="0" references="" pluginVersion="0.0.0" badImageFormat="false" />
  <assembly guid="LecPowerTranslator15" path="E:\steam\steamapps\common\PEAK\BepInEx\plugins\XUnity.AutoTranslator\Translators\LecPowerTranslator15.dll" dateModified="638788135890524779" MMHOOKDate="0" references="" pluginVersion="0.0.0" badImageFormat="false" />
  <assembly guid="LingoCloudTranslate" path="E:\steam\steamapps\common\PEAK\BepInEx\plugins\XUnity.AutoTranslator\Translators\LingoCloudTranslate.dll" dateModified="638788135886660634" MMHOOKDate="0" references="" pluginVersion="0.0.0" badImageFormat="false" />
  <assembly guid="PapagoTranslate" path="E:\steam\steamapps\common\PEAK\BepInEx\plugins\XUnity.AutoTranslator\Translators\PapagoTranslate.dll" dateModified="638788135891125315" MMHOOKDate="0" references="" pluginVersion="0.0.0" badImageFormat="false" />
  <assembly guid="WatsonTranslate" path="E:\steam\steamapps\common\PEAK\BepInEx\plugins\XUnity.AutoTranslator\Translators\WatsonTranslate.dll" dateModified="638788135890314586" MMHOOKDate="0" references="" pluginVersion="0.0.0" badImageFormat="false" />
  <assembly guid="YandexTranslate" path="E:\steam\steamapps\common\PEAK\BepInEx\plugins\XUnity.AutoTranslator\Translators\YandexTranslate.dll" dateModified="638788135890314586" MMHOOKDate="0" references="" pluginVersion="0.0.0" badImageFormat="false" />
  <assembly guid="Common.ExtProtocol" path="E:\steam\steamapps\common\PEAK\BepInEx\plugins\XUnity.AutoTranslator\Translators\FullNET\Common.ExtProtocol.dll" dateModified="638788135830976187" MMHOOKDate="0" references="" pluginVersion="0.0.0" badImageFormat="false" />
  <assembly guid="DeepLTranslate.ExtProtocol" path="E:\steam\steamapps\common\PEAK\BepInEx\plugins\XUnity.AutoTranslator\Translators\FullNET\DeepLTranslate.ExtProtocol.dll" dateModified="638788135838643160" MMHOOKDate="0" references="" pluginVersion="0.0.0" badImageFormat="false" />
  <assembly guid="GoogleTranslateCompat.ExtProtocol" path="E:\steam\steamapps\common\PEAK\BepInEx\plugins\XUnity.AutoTranslator\Translators\FullNET\GoogleTranslateCompat.ExtProtocol.dll" dateModified="638788135833938886" MMHOOKDate="0" references="" pluginVersion="0.0.0" badImageFormat="false" />
  <assembly guid="Http.ExtProtocol" path="E:\steam\steamapps\common\PEAK\BepInEx\plugins\XUnity.AutoTranslator\Translators\FullNET\Http.ExtProtocol.dll" dateModified="638788135832567638" MMHOOKDate="0" references="" pluginVersion="0.0.0" badImageFormat="false" />
  <assembly guid="Newtonsoft.Json" path="E:\steam\steamapps\common\PEAK\BepInEx\plugins\XUnity.AutoTranslator\Translators\FullNET\Newtonsoft.Json.dll" dateModified="637516370160000000" MMHOOKDate="0" references="" pluginVersion="0.0.0" badImageFormat="false" />
  <assembly guid="XUnity.AutoTranslator.Plugin.ExtProtocol" path="E:\steam\steamapps\common\PEAK\BepInEx\plugins\XUnity.AutoTranslator\Translators\FullNET\XUnity.AutoTranslator.Plugin.ExtProtocol.dll" dateModified="638788135819035329" MMHOOKDate="0" references="" pluginVersion="0.0.0" badImageFormat="false" />
</cache>