<cache Ver="2">
  <assembly guid="Ashley.MeshSplitter" path="E:\game\PEAK\PEAK_Data\Managed\Ashley.MeshSplitter.dll" dateModified="638859403612353286" MMHOOKDate="0" references="" pluginVersion="0.0.0" badImageFormat="false" />
  <assembly guid="Assembly-CSharp-firstpass" path="E:\game\PEAK\PEAK_Data\Managed\Assembly-CSharp-firstpass.dll" dateModified="638859403612353286" MMHOOKDate="0" references="" pluginVersion="0.0.0" badImageFormat="false" />
  <assembly guid="Assembly-CSharp" path="E:\game\PEAK\PEAK_Data\Managed\Assembly-CSharp.dll" dateModified="638859403319554704" MMHOOKDate="638860168749919676" references="" pluginVersion="0.0.0" badImageFormat="false" />
  <assembly guid="com.rlabrecque.steamworks.net" path="E:\game\PEAK\PEAK_Data\Managed\com.rlabrecque.steamworks.net.dll" dateModified="638859403319564724" MMHOOKDate="0" references="" pluginVersion="0.0.0" badImageFormat="false" />
  <assembly guid="DemiLib" path="E:\game\PEAK\PEAK_Data\Managed\DemiLib.dll" dateModified="638859403633911507" MMHOOKDate="0" references="" pluginVersion="0.0.0" badImageFormat="false" />
  <assembly guid="DOTween" path="E:\game\PEAK\PEAK_Data\Managed\DOTween.dll" dateModified="638859403634522311" MMHOOKDate="0" references="" pluginVersion="0.0.0" badImageFormat="false" />
  <assembly guid="DOTweenPro" path="E:\game\PEAK\PEAK_Data\Managed\DOTweenPro.dll" dateModified="638859403612353286" MMHOOKDate="0" references="" pluginVersion="0.0.0" badImageFormat="false" />
  <assembly guid="HBAO.Runtime" path="E:\game\PEAK\PEAK_Data\Managed\HBAO.Runtime.dll" dateModified="638859403633911507" MMHOOKDate="0" references="" pluginVersion="0.0.0" badImageFormat="false" />
  <assembly guid="HBAO.Universal.Runtime" path="E:\game\PEAK\PEAK_Data\Managed\HBAO.Universal.Runtime.dll" dateModified="638859403633921519" MMHOOKDate="0" references="" pluginVersion="0.0.0" badImageFormat="false" />
  <assembly guid="Mono.Security" path="E:\game\PEAK\PEAK_Data\Managed\Mono.Security.dll" dateModified="638859403636410406" MMHOOKDate="0" references="" pluginVersion="0.0.0" badImageFormat="false" />
  <assembly guid="mscorlib" path="E:\game\PEAK\PEAK_Data\Managed\mscorlib.dll" dateModified="638859403319564724" MMHOOKDate="0" references="" pluginVersion="0.0.0" badImageFormat="false" />
  <assembly guid="netstandard" path="E:\game\PEAK\PEAK_Data\Managed\netstandard.dll" dateModified="638859403634522311" MMHOOKDate="0" references="" pluginVersion="0.0.0" badImageFormat="false" />
  <assembly guid="Newtonsoft.Json" path="E:\game\PEAK\PEAK_Data\Managed\Newtonsoft.Json.dll" dateModified="638859403319574718" MMHOOKDate="0" references="" pluginVersion="0.0.0" badImageFormat="false" />
  <assembly guid="Photon3Unity3D" path="E:\game\PEAK\PEAK_Data\Managed\Photon3Unity3D.dll" dateModified="638859403615441093" MMHOOKDate="0" references="" pluginVersion="0.0.0" badImageFormat="false" />
  <assembly guid="PhotonChat" path="E:\game\PEAK\PEAK_Data\Managed\PhotonChat.dll" dateModified="638859403634532324" MMHOOKDate="0" references="" pluginVersion="0.0.0" badImageFormat="false" />
  <assembly guid="PhotonRealtime" path="E:\game\PEAK\PEAK_Data\Managed\PhotonRealtime.dll" dateModified="638859403614830596" MMHOOKDate="0" references="" pluginVersion="0.0.0" badImageFormat="false" />
  <assembly guid="PhotonUnityNetworking.Demos" path="E:\game\PEAK\PEAK_Data\Managed\PhotonUnityNetworking.Demos.dll" dateModified="638859403634522311" MMHOOKDate="0" references="" pluginVersion="0.0.0" badImageFormat="false" />
  <assembly guid="PhotonUnityNetworking" path="E:\game\PEAK\PEAK_Data\Managed\PhotonUnityNetworking.dll" dateModified="638859403614815557" MMHOOKDate="0" references="" pluginVersion="0.0.0" badImageFormat="false" />
  <assembly guid="PhotonUnityNetworking.Utilities" path="E:\game\PEAK\PEAK_Data\Managed\PhotonUnityNetworking.Utilities.dll" dateModified="638859403634532324" MMHOOKDate="0" references="" pluginVersion="0.0.0" badImageFormat="false" />
  <assembly guid="PhotonVoice.API" path="E:\game\PEAK\PEAK_Data\Managed\PhotonVoice.API.dll" dateModified="638859403634532324" MMHOOKDate="0" references="" pluginVersion="0.0.0" badImageFormat="false" />
  <assembly guid="PhotonVoice" path="E:\game\PEAK\PEAK_Data\Managed\PhotonVoice.dll" dateModified="638859403614830596" MMHOOKDate="0" references="" pluginVersion="0.0.0" badImageFormat="false" />
  <assembly guid="PhotonVoice.PUN" path="E:\game\PEAK\PEAK_Data\Managed\PhotonVoice.PUN.dll" dateModified="638859403614815557" MMHOOKDate="0" references="" pluginVersion="0.0.0" badImageFormat="false" />
  <assembly guid="pworld" path="E:\game\PEAK\PEAK_Data\Managed\pworld.dll" dateModified="638859403635147837" MMHOOKDate="0" references="" pluginVersion="0.0.0" badImageFormat="false" />
  <assembly guid="sc.posteffects.runtime" path="E:\game\PEAK\PEAK_Data\Managed\sc.posteffects.runtime.dll" dateModified="638859403635142620" MMHOOKDate="0" references="" pluginVersion="0.0.0" badImageFormat="false" />
  <assembly guid="Sirenix.OdinInspector.Attributes" path="E:\game\PEAK\PEAK_Data\Managed\Sirenix.OdinInspector.Attributes.dll" dateModified="638859403614830596" MMHOOKDate="0" references="" pluginVersion="0.0.0" badImageFormat="false" />
  <assembly guid="Sirenix.OdinInspector.Modules.Unity.Addressables" path="E:\game\PEAK\PEAK_Data\Managed\Sirenix.OdinInspector.Modules.Unity.Addressables.dll" dateModified="638859403615451274" MMHOOKDate="0" references="" pluginVersion="0.0.0" badImageFormat="false" />
  <assembly guid="Sirenix.OdinInspector.Modules.UnityLocalization" path="E:\game\PEAK\PEAK_Data\Managed\Sirenix.OdinInspector.Modules.UnityLocalization.dll" dateModified="638859403635142620" MMHOOKDate="0" references="" pluginVersion="0.0.0" badImageFormat="false" />
  <assembly guid="Sirenix.Serialization.Config" path="E:\game\PEAK\PEAK_Data\Managed\Sirenix.Serialization.Config.dll" dateModified="638859403615451274" MMHOOKDate="0" references="" pluginVersion="0.0.0" badImageFormat="false" />
  <assembly guid="Sirenix.Serialization" path="E:\game\PEAK\PEAK_Data\Managed\Sirenix.Serialization.dll" dateModified="638859403319584734" MMHOOKDate="0" references="" pluginVersion="0.0.0" badImageFormat="false" />
  <assembly guid="Sirenix.Utilities" path="E:\game\PEAK\PEAK_Data\Managed\Sirenix.Utilities.dll" dateModified="638859403616055025" MMHOOKDate="0" references="" pluginVersion="0.0.0" badImageFormat="false" />
  <assembly guid="System.ComponentModel.Composition" path="E:\game\PEAK\PEAK_Data\Managed\System.ComponentModel.Composition.dll" dateModified="638859403616055025" MMHOOKDate="0" references="" pluginVersion="0.0.0" badImageFormat="false" />
  <assembly guid="System.Configuration" path="E:\game\PEAK\PEAK_Data\Managed\System.Configuration.dll" dateModified="638859403635792994" MMHOOKDate="0" references="" pluginVersion="0.0.0" badImageFormat="false" />
  <assembly guid="System.Core" path="E:\game\PEAK\PEAK_Data\Managed\System.Core.dll" dateModified="638859403319584734" MMHOOKDate="0" references="" pluginVersion="0.0.0" badImageFormat="false" />
  <assembly guid="System.Data.DataSetExtensions" path="E:\game\PEAK\PEAK_Data\Managed\System.Data.DataSetExtensions.dll" dateModified="638859403615451274" MMHOOKDate="0" references="" pluginVersion="0.0.0" badImageFormat="false" />
  <assembly guid="System.Data" path="E:\game\PEAK\PEAK_Data\Managed\System.Data.dll" dateModified="638859403319599765" MMHOOKDate="0" references="" pluginVersion="0.0.0" badImageFormat="false" />
  <assembly guid="System" path="E:\game\PEAK\PEAK_Data\Managed\System.dll" dateModified="638859403319599765" MMHOOKDate="0" references="" pluginVersion="0.0.0" badImageFormat="false" />
  <assembly guid="System.Drawing" path="E:\game\PEAK\PEAK_Data\Managed\System.Drawing.dll" dateModified="638859403319609897" MMHOOKDate="0" references="" pluginVersion="0.0.0" badImageFormat="false" />
  <assembly guid="System.EnterpriseServices" path="E:\game\PEAK\PEAK_Data\Managed\System.EnterpriseServices.dll" dateModified="638859403616055025" MMHOOKDate="0" references="" pluginVersion="0.0.0" badImageFormat="false" />
  <assembly guid="System.IO.Compression" path="E:\game\PEAK\PEAK_Data\Managed\System.IO.Compression.dll" dateModified="638859403616702538" MMHOOKDate="0" references="" pluginVersion="0.0.0" badImageFormat="false" />
  <assembly guid="System.IO.Compression.FileSystem" path="E:\game\PEAK\PEAK_Data\Managed\System.IO.Compression.FileSystem.dll" dateModified="638859403616712546" MMHOOKDate="0" references="" pluginVersion="0.0.0" badImageFormat="false" />
  <assembly guid="System.Net.Http" path="E:\game\PEAK\PEAK_Data\Managed\System.Net.Http.dll" dateModified="638859403635792994" MMHOOKDate="0" references="" pluginVersion="0.0.0" badImageFormat="false" />
  <assembly guid="System.Numerics" path="E:\game\PEAK\PEAK_Data\Managed\System.Numerics.dll" dateModified="638859403636410406" MMHOOKDate="0" references="" pluginVersion="0.0.0" badImageFormat="false" />
  <assembly guid="System.Runtime" path="E:\game\PEAK\PEAK_Data\Managed\System.Runtime.dll" dateModified="638859403616712546" MMHOOKDate="0" references="" pluginVersion="0.0.0" badImageFormat="false" />
  <assembly guid="System.Runtime.Serialization" path="E:\game\PEAK\PEAK_Data\Managed\System.Runtime.Serialization.dll" dateModified="638859403319609897" MMHOOKDate="0" references="" pluginVersion="0.0.0" badImageFormat="false" />
  <assembly guid="System.Security" path="E:\game\PEAK\PEAK_Data\Managed\System.Security.dll" dateModified="638859403319619905" MMHOOKDate="0" references="" pluginVersion="0.0.0" badImageFormat="false" />
  <assembly guid="System.ServiceModel.Internals" path="E:\game\PEAK\PEAK_Data\Managed\System.ServiceModel.Internals.dll" dateModified="638859403636410406" MMHOOKDate="0" references="" pluginVersion="0.0.0" badImageFormat="false" />
  <assembly guid="System.Transactions" path="E:\game\PEAK\PEAK_Data\Managed\System.Transactions.dll" dateModified="638859403617284234" MMHOOKDate="0" references="" pluginVersion="0.0.0" badImageFormat="false" />
  <assembly guid="System.Xml" path="E:\game\PEAK\PEAK_Data\Managed\System.Xml.dll" dateModified="638859403319624938" MMHOOKDate="0" references="" pluginVersion="0.0.0" badImageFormat="false" />
  <assembly guid="System.Xml.Linq" path="E:\game\PEAK\PEAK_Data\Managed\System.Xml.Linq.dll" dateModified="638859403635792994" MMHOOKDate="0" references="" pluginVersion="0.0.0" badImageFormat="false" />
  <assembly guid="Tayx.Graphy" path="E:\game\PEAK\PEAK_Data\Managed\Tayx.Graphy.dll" dateModified="638859403617294244" MMHOOKDate="0" references="" pluginVersion="0.0.0" badImageFormat="false" />
  <assembly guid="unity-websocket-sharp" path="E:\game\PEAK\PEAK_Data\Managed\unity-websocket-sharp.dll" dateModified="638859403635782985" MMHOOKDate="0" references="" pluginVersion="0.0.0" badImageFormat="false" />
  <assembly guid="Unity.Addressables" path="E:\game\PEAK\PEAK_Data\Managed\Unity.Addressables.dll" dateModified="638859403617294244" MMHOOKDate="0" references="" pluginVersion="0.0.0" badImageFormat="false" />
  <assembly guid="Unity.AI.Navigation" path="E:\game\PEAK\PEAK_Data\Managed\Unity.AI.Navigation.dll" dateModified="638859403636400393" MMHOOKDate="0" references="" pluginVersion="0.0.0" badImageFormat="false" />
  <assembly guid="Unity.Animation.Rigging" path="E:\game\PEAK\PEAK_Data\Managed\Unity.Animation.Rigging.dll" dateModified="638859403617294244" MMHOOKDate="0" references="" pluginVersion="0.0.0" badImageFormat="false" />
  <assembly guid="Unity.Animation.Rigging.DocCodeExamples" path="E:\game\PEAK\PEAK_Data\Managed\Unity.Animation.Rigging.DocCodeExamples.dll" dateModified="638859403617294244" MMHOOKDate="0" references="" pluginVersion="0.0.0" badImageFormat="false" />
  <assembly guid="Unity.Burst" path="E:\game\PEAK\PEAK_Data\Managed\Unity.Burst.dll" dateModified="638859403319624938" MMHOOKDate="0" references="" pluginVersion="0.0.0" badImageFormat="false" />
  <assembly guid="Unity.Burst.Unsafe" path="E:\game\PEAK\PEAK_Data\Managed\Unity.Burst.Unsafe.dll" dateModified="638859403636410406" MMHOOKDate="0" references="" pluginVersion="0.0.0" badImageFormat="false" />
  <assembly guid="Unity.Collections" path="E:\game\PEAK\PEAK_Data\Managed\Unity.Collections.dll" dateModified="638859403319634957" MMHOOKDate="0" references="" pluginVersion="0.0.0" badImageFormat="false" />
  <assembly guid="Unity.Collections.LowLevel.ILSupport" path="E:\game\PEAK\PEAK_Data\Managed\Unity.Collections.LowLevel.ILSupport.dll" dateModified="638859403636410406" MMHOOKDate="0" references="" pluginVersion="0.0.0" badImageFormat="false" />
  <assembly guid="Unity.InputSystem" path="E:\game\PEAK\PEAK_Data\Managed\Unity.InputSystem.dll" dateModified="638859403319634957" MMHOOKDate="0" references="" pluginVersion="0.0.0" badImageFormat="false" />
  <assembly guid="Unity.InputSystem.ForUI" path="E:\game\PEAK\PEAK_Data\Managed\Unity.InputSystem.ForUI.dll" dateModified="638859403637022329" MMHOOKDate="0" references="" pluginVersion="0.0.0" badImageFormat="false" />
  <assembly guid="Unity.InternalAPIEngineBridge.013" path="E:\game\PEAK\PEAK_Data\Managed\Unity.InternalAPIEngineBridge.013.dll" dateModified="638859403637022329" MMHOOKDate="0" references="" pluginVersion="0.0.0" badImageFormat="false" />
  <assembly guid="Unity.Localization" path="E:\game\PEAK\PEAK_Data\Managed\Unity.Localization.dll" dateModified="638859403319644964" MMHOOKDate="0" references="" pluginVersion="0.0.0" badImageFormat="false" />
  <assembly guid="Unity.Mathematics" path="E:\game\PEAK\PEAK_Data\Managed\Unity.Mathematics.dll" dateModified="638859403319649994" MMHOOKDate="0" references="" pluginVersion="0.0.0" badImageFormat="false" />
  <assembly guid="Unity.MemoryProfiler" path="E:\game\PEAK\PEAK_Data\Managed\Unity.MemoryProfiler.dll" dateModified="638859403637022329" MMHOOKDate="0" references="" pluginVersion="0.0.0" badImageFormat="false" />
  <assembly guid="Unity.Multiplayer.Center.Common" path="E:\game\PEAK\PEAK_Data\Managed\Unity.Multiplayer.Center.Common.dll" dateModified="638859403617914312" MMHOOKDate="0" references="" pluginVersion="0.0.0" badImageFormat="false" />
  <assembly guid="Unity.Multiplayer.Playmode.Common.Runtime" path="E:\game\PEAK\PEAK_Data\Managed\Unity.Multiplayer.Playmode.Common.Runtime.dll" dateModified="638859403617914312" MMHOOKDate="0" references="" pluginVersion="0.0.0" badImageFormat="false" />
  <assembly guid="Unity.Multiplayer.Playmode" path="E:\game\PEAK\PEAK_Data\Managed\Unity.Multiplayer.Playmode.dll" dateModified="638859403617924333" MMHOOKDate="0" references="" pluginVersion="0.0.0" badImageFormat="false" />
  <assembly guid="Unity.Networking.Transport" path="E:\game\PEAK\PEAK_Data\Managed\Unity.Networking.Transport.dll" dateModified="638859403617924333" MMHOOKDate="0" references="" pluginVersion="0.0.0" badImageFormat="false" />
  <assembly guid="Unity.Profiling.Core" path="E:\game\PEAK\PEAK_Data\Managed\Unity.Profiling.Core.dll" dateModified="638859403637022329" MMHOOKDate="0" references="" pluginVersion="0.0.0" badImageFormat="false" />
  <assembly guid="Unity.Rendering.LightTransport.Runtime" path="E:\game\PEAK\PEAK_Data\Managed\Unity.Rendering.LightTransport.Runtime.dll" dateModified="638859403319660021" MMHOOKDate="0" references="" pluginVersion="0.0.0" badImageFormat="false" />
  <assembly guid="Unity.RenderPipeline.Universal.ShaderLibrary" path="E:\game\PEAK\PEAK_Data\Managed\Unity.RenderPipeline.Universal.ShaderLibrary.dll" dateModified="638859403637653871" MMHOOKDate="0" references="" pluginVersion="0.0.0" badImageFormat="false" />
  <assembly guid="Unity.RenderPipelines.Core.Runtime" path="E:\game\PEAK\PEAK_Data\Managed\Unity.RenderPipelines.Core.Runtime.dll" dateModified="638859403319660021" MMHOOKDate="0" references="" pluginVersion="0.0.0" badImageFormat="false" />
  <assembly guid="Unity.RenderPipelines.Core.Runtime.Shared" path="E:\game\PEAK\PEAK_Data\Managed\Unity.RenderPipelines.Core.Runtime.Shared.dll" dateModified="638859403618506524" MMHOOKDate="0" references="" pluginVersion="0.0.0" badImageFormat="false" />
  <assembly guid="Unity.RenderPipelines.Core.ShaderLibrary" path="E:\game\PEAK\PEAK_Data\Managed\Unity.RenderPipelines.Core.ShaderLibrary.dll" dateModified="638859403618506524" MMHOOKDate="0" references="" pluginVersion="0.0.0" badImageFormat="false" />
  <assembly guid="Unity.RenderPipelines.GPUDriven.Runtime" path="E:\game\PEAK\PEAK_Data\Managed\Unity.RenderPipelines.GPUDriven.Runtime.dll" dateModified="638859403637663972" MMHOOKDate="0" references="" pluginVersion="0.0.0" badImageFormat="false" />
  <assembly guid="Unity.RenderPipelines.ShaderGraph.ShaderGraphLibrary" path="E:\game\PEAK\PEAK_Data\Managed\Unity.RenderPipelines.ShaderGraph.ShaderGraphLibrary.dll" dateModified="638859403618636497" MMHOOKDate="0" references="" pluginVersion="0.0.0" badImageFormat="false" />
  <assembly guid="Unity.RenderPipelines.Universal.2D.Runtime" path="E:\game\PEAK\PEAK_Data\Managed\Unity.RenderPipelines.Universal.2D.Runtime.dll" dateModified="638859403637663972" MMHOOKDate="0" references="" pluginVersion="0.0.0" badImageFormat="false" />
  <assembly guid="Unity.RenderPipelines.Universal.Config.Runtime" path="E:\game\PEAK\PEAK_Data\Managed\Unity.RenderPipelines.Universal.Config.Runtime.dll" dateModified="638859403618636497" MMHOOKDate="0" references="" pluginVersion="0.0.0" badImageFormat="false" />
  <assembly guid="Unity.RenderPipelines.Universal.Runtime" path="E:\game\PEAK\PEAK_Data\Managed\Unity.RenderPipelines.Universal.Runtime.dll" dateModified="638859403319670017" MMHOOKDate="0" references="" pluginVersion="0.0.0" badImageFormat="false" />
  <assembly guid="Unity.RenderPipelines.Universal.Shaders" path="E:\game\PEAK\PEAK_Data\Managed\Unity.RenderPipelines.Universal.Shaders.dll" dateModified="638859403637653871" MMHOOKDate="0" references="" pluginVersion="0.0.0" badImageFormat="false" />
  <assembly guid="Unity.ResourceManager" path="E:\game\PEAK\PEAK_Data\Managed\Unity.ResourceManager.dll" dateModified="638859403637673978" MMHOOKDate="0" references="" pluginVersion="0.0.0" badImageFormat="false" />
  <assembly guid="Unity.ScriptableBuildPipeline" path="E:\game\PEAK\PEAK_Data\Managed\Unity.ScriptableBuildPipeline.dll" dateModified="638859403618645843" MMHOOKDate="0" references="" pluginVersion="0.0.0" badImageFormat="false" />
  <assembly guid="Unity.Services.Authentication" path="E:\game\PEAK\PEAK_Data\Managed\Unity.Services.Authentication.dll" dateModified="638859403637679022" MMHOOKDate="0" references="" pluginVersion="0.0.0" badImageFormat="false" />
  <assembly guid="Unity.Services.Authentication.PlayerAccounts" path="E:\game\PEAK\PEAK_Data\Managed\Unity.Services.Authentication.PlayerAccounts.dll" dateModified="638859403637653871" MMHOOKDate="0" references="" pluginVersion="0.0.0" badImageFormat="false" />
  <assembly guid="Unity.Services.Core.Analytics" path="E:\game\PEAK\PEAK_Data\Managed\Unity.Services.Core.Analytics.dll" dateModified="638859403637663972" MMHOOKDate="0" references="" pluginVersion="0.0.0" badImageFormat="false" />
  <assembly guid="Unity.Services.Core.Components" path="E:\game\PEAK\PEAK_Data\Managed\Unity.Services.Core.Components.dll" dateModified="638859403618506524" MMHOOKDate="0" references="" pluginVersion="0.0.0" badImageFormat="false" />
  <assembly guid="Unity.Services.Core.Configuration" path="E:\game\PEAK\PEAK_Data\Managed\Unity.Services.Core.Configuration.dll" dateModified="638859403638266402" MMHOOKDate="0" references="" pluginVersion="0.0.0" badImageFormat="false" />
  <assembly guid="Unity.Services.Core.Device" path="E:\game\PEAK\PEAK_Data\Managed\Unity.Services.Core.Device.dll" dateModified="638859403619115873" MMHOOKDate="0" references="" pluginVersion="0.0.0" badImageFormat="false" />
  <assembly guid="Unity.Services.Core" path="E:\game\PEAK\PEAK_Data\Managed\Unity.Services.Core.dll" dateModified="638859403619125882" MMHOOKDate="0" references="" pluginVersion="0.0.0" badImageFormat="false" />
  <assembly guid="Unity.Services.Core.Environments" path="E:\game\PEAK\PEAK_Data\Managed\Unity.Services.Core.Environments.dll" dateModified="638859403619125882" MMHOOKDate="0" references="" pluginVersion="0.0.0" badImageFormat="false" />
  <assembly guid="Unity.Services.Core.Environments.Internal" path="E:\game\PEAK\PEAK_Data\Managed\Unity.Services.Core.Environments.Internal.dll" dateModified="638859403638266402" MMHOOKDate="0" references="" pluginVersion="0.0.0" badImageFormat="false" />
  <assembly guid="Unity.Services.Core.Internal" path="E:\game\PEAK\PEAK_Data\Managed\Unity.Services.Core.Internal.dll" dateModified="638859403619140911" MMHOOKDate="0" references="" pluginVersion="0.0.0" badImageFormat="false" />
  <assembly guid="Unity.Services.Core.Networking" path="E:\game\PEAK\PEAK_Data\Managed\Unity.Services.Core.Networking.dll" dateModified="638859403619125882" MMHOOKDate="0" references="" pluginVersion="0.0.0" badImageFormat="false" />
  <assembly guid="Unity.Services.Core.Registration" path="E:\game\PEAK\PEAK_Data\Managed\Unity.Services.Core.Registration.dll" dateModified="638859403638266402" MMHOOKDate="0" references="" pluginVersion="0.0.0" badImageFormat="false" />
  <assembly guid="Unity.Services.Core.Scheduler" path="E:\game\PEAK\PEAK_Data\Managed\Unity.Services.Core.Scheduler.dll" dateModified="638859403639523226" MMHOOKDate="0" references="" pluginVersion="0.0.0" badImageFormat="false" />
  <assembly guid="Unity.Services.Core.Telemetry" path="E:\game\PEAK\PEAK_Data\Managed\Unity.Services.Core.Telemetry.dll" dateModified="638859403638266402" MMHOOKDate="0" references="" pluginVersion="0.0.0" badImageFormat="false" />
  <assembly guid="Unity.Services.Core.Threading" path="E:\game\PEAK\PEAK_Data\Managed\Unity.Services.Core.Threading.dll" dateModified="638859403619125882" MMHOOKDate="0" references="" pluginVersion="0.0.0" badImageFormat="false" />
  <assembly guid="Unity.Services.Multiplayer" path="E:\game\PEAK\PEAK_Data\Managed\Unity.Services.Multiplayer.dll" dateModified="638859403319680028" MMHOOKDate="0" references="" pluginVersion="0.0.0" badImageFormat="false" />
  <assembly guid="Unity.Services.QoS" path="E:\game\PEAK\PEAK_Data\Managed\Unity.Services.QoS.dll" dateModified="638859403619795534" MMHOOKDate="0" references="" pluginVersion="0.0.0" badImageFormat="false" />
  <assembly guid="Unity.Services.Wire.Internal" path="E:\game\PEAK\PEAK_Data\Managed\Unity.Services.Wire.Internal.dll" dateModified="638859403619795534" MMHOOKDate="0" references="" pluginVersion="0.0.0" badImageFormat="false" />
  <assembly guid="Unity.Splines" path="E:\game\PEAK\PEAK_Data\Managed\Unity.Splines.dll" dateModified="638859403638276425" MMHOOKDate="0" references="" pluginVersion="0.0.0" badImageFormat="false" />
  <assembly guid="Unity.TextMeshPro" path="E:\game\PEAK\PEAK_Data\Managed\Unity.TextMeshPro.dll" dateModified="638859403319690037" MMHOOKDate="0" references="" pluginVersion="0.0.0" badImageFormat="false" />
  <assembly guid="Unity.Timeline" path="E:\game\PEAK\PEAK_Data\Managed\Unity.Timeline.dll" dateModified="638859403638281468" MMHOOKDate="0" references="" pluginVersion="0.0.0" badImageFormat="false" />
  <assembly guid="Unity.VisualEffectGraph.Runtime" path="E:\game\PEAK\PEAK_Data\Managed\Unity.VisualEffectGraph.Runtime.dll" dateModified="638859403619795534" MMHOOKDate="0" references="" pluginVersion="0.0.0" badImageFormat="false" />
  <assembly guid="UnityEngine.AccessibilityModule" path="E:\game\PEAK\PEAK_Data\Managed\UnityEngine.AccessibilityModule.dll" dateModified="638859403619795534" MMHOOKDate="0" references="" pluginVersion="0.0.0" badImageFormat="false" />
  <assembly guid="UnityEngine.AIModule" path="E:\game\PEAK\PEAK_Data\Managed\UnityEngine.AIModule.dll" dateModified="638859403619785525" MMHOOKDate="0" references="" pluginVersion="0.0.0" badImageFormat="false" />
  <assembly guid="UnityEngine.AMDModule" path="E:\game\PEAK\PEAK_Data\Managed\UnityEngine.AMDModule.dll" dateModified="638859403619795534" MMHOOKDate="0" references="" pluginVersion="0.0.0" badImageFormat="false" />
  <assembly guid="UnityEngine.AndroidJNIModule" path="E:\game\PEAK\PEAK_Data\Managed\UnityEngine.AndroidJNIModule.dll" dateModified="638859403638905171" MMHOOKDate="0" references="" pluginVersion="0.0.0" badImageFormat="false" />
  <assembly guid="UnityEngine.AnimationModule" path="E:\game\PEAK\PEAK_Data\Managed\UnityEngine.AnimationModule.dll" dateModified="638859403640119448" MMHOOKDate="0" references="" pluginVersion="0.0.0" badImageFormat="false" />
  <assembly guid="UnityEngine.ARModule" path="E:\game\PEAK\PEAK_Data\Managed\UnityEngine.ARModule.dll" dateModified="638859403638895164" MMHOOKDate="0" references="" pluginVersion="0.0.0" badImageFormat="false" />
  <assembly guid="UnityEngine.AssetBundleModule" path="E:\game\PEAK\PEAK_Data\Managed\UnityEngine.AssetBundleModule.dll" dateModified="638859403638895164" MMHOOKDate="0" references="" pluginVersion="0.0.0" badImageFormat="false" />
  <assembly guid="UnityEngine.AudioModule" path="E:\game\PEAK\PEAK_Data\Managed\UnityEngine.AudioModule.dll" dateModified="638859403638905171" MMHOOKDate="0" references="" pluginVersion="0.0.0" badImageFormat="false" />
  <assembly guid="UnityEngine.ClothModule" path="E:\game\PEAK\PEAK_Data\Managed\UnityEngine.ClothModule.dll" dateModified="638859403620384830" MMHOOKDate="0" references="" pluginVersion="0.0.0" badImageFormat="false" />
  <assembly guid="UnityEngine.ClusterInputModule" path="E:\game\PEAK\PEAK_Data\Managed\UnityEngine.ClusterInputModule.dll" dateModified="638859403620384830" MMHOOKDate="0" references="" pluginVersion="0.0.0" badImageFormat="false" />
  <assembly guid="UnityEngine.ClusterRendererModule" path="E:\game\PEAK\PEAK_Data\Managed\UnityEngine.ClusterRendererModule.dll" dateModified="638859403638895164" MMHOOKDate="0" references="" pluginVersion="0.0.0" badImageFormat="false" />
  <assembly guid="UnityEngine.ContentLoadModule" path="E:\game\PEAK\PEAK_Data\Managed\UnityEngine.ContentLoadModule.dll" dateModified="638859403620384830" MMHOOKDate="0" references="" pluginVersion="0.0.0" badImageFormat="false" />
  <assembly guid="UnityEngine.CoreModule" path="E:\game\PEAK\PEAK_Data\Managed\UnityEngine.CoreModule.dll" dateModified="638859403319700041" MMHOOKDate="0" references="" pluginVersion="0.0.0" badImageFormat="false" />
  <assembly guid="UnityEngine.CrashReportingModule" path="E:\game\PEAK\PEAK_Data\Managed\UnityEngine.CrashReportingModule.dll" dateModified="638859403639523226" MMHOOKDate="0" references="" pluginVersion="0.0.0" badImageFormat="false" />
  <assembly guid="UnityEngine.DirectorModule" path="E:\game\PEAK\PEAK_Data\Managed\UnityEngine.DirectorModule.dll" dateModified="638859403620394839" MMHOOKDate="0" references="" pluginVersion="0.0.0" badImageFormat="false" />
  <assembly guid="UnityEngine" path="E:\game\PEAK\PEAK_Data\Managed\UnityEngine.dll" dateModified="638859403640119448" MMHOOKDate="0" references="" pluginVersion="0.0.0" badImageFormat="false" />
  <assembly guid="UnityEngine.DSPGraphModule" path="E:\game\PEAK\PEAK_Data\Managed\UnityEngine.DSPGraphModule.dll" dateModified="638859403620394839" MMHOOKDate="0" references="" pluginVersion="0.0.0" badImageFormat="false" />
  <assembly guid="UnityEngine.GameCenterModule" path="E:\game\PEAK\PEAK_Data\Managed\UnityEngine.GameCenterModule.dll" dateModified="638859403639513215" MMHOOKDate="0" references="" pluginVersion="0.0.0" badImageFormat="false" />
  <assembly guid="UnityEngine.GIModule" path="E:\game\PEAK\PEAK_Data\Managed\UnityEngine.GIModule.dll" dateModified="638859403620404848" MMHOOKDate="0" references="" pluginVersion="0.0.0" badImageFormat="false" />
  <assembly guid="UnityEngine.GraphicsStateCollectionSerializerModule" path="E:\game\PEAK\PEAK_Data\Managed\UnityEngine.GraphicsStateCollectionSerializerModule.dll" dateModified="638859403639523226" MMHOOKDate="0" references="" pluginVersion="0.0.0" badImageFormat="false" />
  <assembly guid="UnityEngine.GridModule" path="E:\game\PEAK\PEAK_Data\Managed\UnityEngine.GridModule.dll" dateModified="638859403620394839" MMHOOKDate="0" references="" pluginVersion="0.0.0" badImageFormat="false" />
  <assembly guid="UnityEngine.HierarchyCoreModule" path="E:\game\PEAK\PEAK_Data\Managed\UnityEngine.HierarchyCoreModule.dll" dateModified="638859403620404848" MMHOOKDate="0" references="" pluginVersion="0.0.0" badImageFormat="false" />
  <assembly guid="UnityEngine.HotReloadModule" path="E:\game\PEAK\PEAK_Data\Managed\UnityEngine.HotReloadModule.dll" dateModified="638859403640119448" MMHOOKDate="0" references="" pluginVersion="0.0.0" badImageFormat="false" />
  <assembly guid="UnityEngine.ImageConversionModule" path="E:\game\PEAK\PEAK_Data\Managed\UnityEngine.ImageConversionModule.dll" dateModified="638859403621011994" MMHOOKDate="0" references="" pluginVersion="0.0.0" badImageFormat="false" />
  <assembly guid="UnityEngine.IMGUIModule" path="E:\game\PEAK\PEAK_Data\Managed\UnityEngine.IMGUIModule.dll" dateModified="638859403640778672" MMHOOKDate="0" references="" pluginVersion="0.0.0" badImageFormat="false" />
  <assembly guid="UnityEngine.InputForUIModule" path="E:\game\PEAK\PEAK_Data\Managed\UnityEngine.InputForUIModule.dll" dateModified="638859403621011994" MMHOOKDate="0" references="" pluginVersion="0.0.0" badImageFormat="false" />
  <assembly guid="UnityEngine.InputLegacyModule" path="E:\game\PEAK\PEAK_Data\Managed\UnityEngine.InputLegacyModule.dll" dateModified="638859403621011994" MMHOOKDate="0" references="" pluginVersion="0.0.0" badImageFormat="false" />
  <assembly guid="UnityEngine.InputModule" path="E:\game\PEAK\PEAK_Data\Managed\UnityEngine.InputModule.dll" dateModified="638859403640778672" MMHOOKDate="0" references="" pluginVersion="0.0.0" badImageFormat="false" />
  <assembly guid="UnityEngine.JSONSerializeModule" path="E:\game\PEAK\PEAK_Data\Managed\UnityEngine.JSONSerializeModule.dll" dateModified="638859403621022007" MMHOOKDate="0" references="" pluginVersion="0.0.0" badImageFormat="false" />
  <assembly guid="UnityEngine.LocalizationModule" path="E:\game\PEAK\PEAK_Data\Managed\UnityEngine.LocalizationModule.dll" dateModified="638859403621011994" MMHOOKDate="0" references="" pluginVersion="0.0.0" badImageFormat="false" />
  <assembly guid="UnityEngine.MarshallingModule" path="E:\game\PEAK\PEAK_Data\Managed\UnityEngine.MarshallingModule.dll" dateModified="638859403640119448" MMHOOKDate="0" references="" pluginVersion="0.0.0" badImageFormat="false" />
  <assembly guid="UnityEngine.MultiplayerModule" path="E:\game\PEAK\PEAK_Data\Managed\UnityEngine.MultiplayerModule.dll" dateModified="638859403621011994" MMHOOKDate="0" references="" pluginVersion="0.0.0" badImageFormat="false" />
  <assembly guid="UnityEngine.NVIDIAModule" path="E:\game\PEAK\PEAK_Data\Managed\UnityEngine.NVIDIAModule.dll" dateModified="638859403621011994" MMHOOKDate="0" references="" pluginVersion="0.0.0" badImageFormat="false" />
  <assembly guid="UnityEngine.ParticleSystemModule" path="E:\game\PEAK\PEAK_Data\Managed\UnityEngine.ParticleSystemModule.dll" dateModified="638859403640778672" MMHOOKDate="0" references="" pluginVersion="0.0.0" badImageFormat="false" />
  <assembly guid="UnityEngine.PerformanceReportingModule" path="E:\game\PEAK\PEAK_Data\Managed\UnityEngine.PerformanceReportingModule.dll" dateModified="638859403640119448" MMHOOKDate="0" references="" pluginVersion="0.0.0" badImageFormat="false" />
  <assembly guid="UnityEngine.Physics2DModule" path="E:\game\PEAK\PEAK_Data\Managed\UnityEngine.Physics2DModule.dll" dateModified="638859403641397296" MMHOOKDate="0" references="" pluginVersion="0.0.0" badImageFormat="false" />
  <assembly guid="UnityEngine.PhysicsModule" path="E:\game\PEAK\PEAK_Data\Managed\UnityEngine.PhysicsModule.dll" dateModified="638859403621628394" MMHOOKDate="0" references="" pluginVersion="0.0.0" badImageFormat="false" />
  <assembly guid="UnityEngine.PropertiesModule" path="E:\game\PEAK\PEAK_Data\Managed\UnityEngine.PropertiesModule.dll" dateModified="638859403622258746" MMHOOKDate="0" references="" pluginVersion="0.0.0" badImageFormat="false" />
  <assembly guid="UnityEngine.RuntimeInitializeOnLoadManagerInitializerModule" path="E:\game\PEAK\PEAK_Data\Managed\UnityEngine.RuntimeInitializeOnLoadManagerInitializerModule.dll" dateModified="638859403621618384" MMHOOKDate="0" references="" pluginVersion="0.0.0" badImageFormat="false" />
  <assembly guid="UnityEngine.ScreenCaptureModule" path="E:\game\PEAK\PEAK_Data\Managed\UnityEngine.ScreenCaptureModule.dll" dateModified="638859403621618384" MMHOOKDate="0" references="" pluginVersion="0.0.0" badImageFormat="false" />
  <assembly guid="UnityEngine.ShaderVariantAnalyticsModule" path="E:\game\PEAK\PEAK_Data\Managed\UnityEngine.ShaderVariantAnalyticsModule.dll" dateModified="638859403621628394" MMHOOKDate="0" references="" pluginVersion="0.0.0" badImageFormat="false" />
  <assembly guid="UnityEngine.SharedInternalsModule" path="E:\game\PEAK\PEAK_Data\Managed\UnityEngine.SharedInternalsModule.dll" dateModified="638859403621618384" MMHOOKDate="0" references="" pluginVersion="0.0.0" badImageFormat="false" />
  <assembly guid="UnityEngine.SpriteMaskModule" path="E:\game\PEAK\PEAK_Data\Managed\UnityEngine.SpriteMaskModule.dll" dateModified="638859403640778672" MMHOOKDate="0" references="" pluginVersion="0.0.0" badImageFormat="false" />
  <assembly guid="UnityEngine.SpriteShapeModule" path="E:\game\PEAK\PEAK_Data\Managed\UnityEngine.SpriteShapeModule.dll" dateModified="638859403621628394" MMHOOKDate="0" references="" pluginVersion="0.0.0" badImageFormat="false" />
  <assembly guid="UnityEngine.StreamingModule" path="E:\game\PEAK\PEAK_Data\Managed\UnityEngine.StreamingModule.dll" dateModified="638859403621628394" MMHOOKDate="0" references="" pluginVersion="0.0.0" badImageFormat="false" />
  <assembly guid="UnityEngine.SubstanceModule" path="E:\game\PEAK\PEAK_Data\Managed\UnityEngine.SubstanceModule.dll" dateModified="638859403621618384" MMHOOKDate="0" references="" pluginVersion="0.0.0" badImageFormat="false" />
  <assembly guid="UnityEngine.SubsystemsModule" path="E:\game\PEAK\PEAK_Data\Managed\UnityEngine.SubsystemsModule.dll" dateModified="638859403622268876" MMHOOKDate="0" references="" pluginVersion="0.0.0" badImageFormat="false" />
  <assembly guid="UnityEngine.TerrainModule" path="E:\game\PEAK\PEAK_Data\Managed\UnityEngine.TerrainModule.dll" dateModified="638859403622871408" MMHOOKDate="0" references="" pluginVersion="0.0.0" badImageFormat="false" />
  <assembly guid="UnityEngine.TerrainPhysicsModule" path="E:\game\PEAK\PEAK_Data\Managed\UnityEngine.TerrainPhysicsModule.dll" dateModified="638859403640778672" MMHOOKDate="0" references="" pluginVersion="0.0.0" badImageFormat="false" />
  <assembly guid="UnityEngine.TextCoreFontEngineModule" path="E:\game\PEAK\PEAK_Data\Managed\UnityEngine.TextCoreFontEngineModule.dll" dateModified="638859403622268876" MMHOOKDate="0" references="" pluginVersion="0.0.0" badImageFormat="false" />
  <assembly guid="UnityEngine.TextCoreTextEngineModule" path="E:\game\PEAK\PEAK_Data\Managed\UnityEngine.TextCoreTextEngineModule.dll" dateModified="638859403319720116" MMHOOKDate="0" references="" pluginVersion="0.0.0" badImageFormat="false" />
  <assembly guid="UnityEngine.TextRenderingModule" path="E:\game\PEAK\PEAK_Data\Managed\UnityEngine.TextRenderingModule.dll" dateModified="638859403641407312" MMHOOKDate="0" references="" pluginVersion="0.0.0" badImageFormat="false" />
  <assembly guid="UnityEngine.TilemapModule" path="E:\game\PEAK\PEAK_Data\Managed\UnityEngine.TilemapModule.dll" dateModified="638859403622268876" MMHOOKDate="0" references="" pluginVersion="0.0.0" badImageFormat="false" />
  <assembly guid="UnityEngine.TLSModule" path="E:\game\PEAK\PEAK_Data\Managed\UnityEngine.TLSModule.dll" dateModified="638859403640778672" MMHOOKDate="0" references="" pluginVersion="0.0.0" badImageFormat="false" />
  <assembly guid="UnityEngine.UI" path="E:\game\PEAK\PEAK_Data\Managed\UnityEngine.UI.dll" dateModified="638859403319730248" MMHOOKDate="0" references="" pluginVersion="0.0.0" badImageFormat="false" />
  <assembly guid="UnityEngine.UIElementsModule" path="E:\game\PEAK\PEAK_Data\Managed\UnityEngine.UIElementsModule.dll" dateModified="638859403319730248" MMHOOKDate="0" references="" pluginVersion="0.0.0" badImageFormat="false" />
  <assembly guid="UnityEngine.UIModule" path="E:\game\PEAK\PEAK_Data\Managed\UnityEngine.UIModule.dll" dateModified="638859403622268876" MMHOOKDate="0" references="" pluginVersion="0.0.0" badImageFormat="false" />
  <assembly guid="UnityEngine.UmbraModule" path="E:\game\PEAK\PEAK_Data\Managed\UnityEngine.UmbraModule.dll" dateModified="638859403622268876" MMHOOKDate="0" references="" pluginVersion="0.0.0" badImageFormat="false" />
  <assembly guid="UnityEngine.UnityAnalyticsCommonModule" path="E:\game\PEAK\PEAK_Data\Managed\UnityEngine.UnityAnalyticsCommonModule.dll" dateModified="638859403641407312" MMHOOKDate="0" references="" pluginVersion="0.0.0" badImageFormat="false" />
  <assembly guid="UnityEngine.UnityAnalyticsModule" path="E:\game\PEAK\PEAK_Data\Managed\UnityEngine.UnityAnalyticsModule.dll" dateModified="638859403622881423" MMHOOKDate="0" references="" pluginVersion="0.0.0" badImageFormat="false" />
  <assembly guid="UnityEngine.UnityConnectModule" path="E:\game\PEAK\PEAK_Data\Managed\UnityEngine.UnityConnectModule.dll" dateModified="638859403622881423" MMHOOKDate="0" references="" pluginVersion="0.0.0" badImageFormat="false" />
  <assembly guid="UnityEngine.UnityCurlModule" path="E:\game\PEAK\PEAK_Data\Managed\UnityEngine.UnityCurlModule.dll" dateModified="638859403622881423" MMHOOKDate="0" references="" pluginVersion="0.0.0" badImageFormat="false" />
  <assembly guid="UnityEngine.UnityTestProtocolModule" path="E:\game\PEAK\PEAK_Data\Managed\UnityEngine.UnityTestProtocolModule.dll" dateModified="638859403622881423" MMHOOKDate="0" references="" pluginVersion="0.0.0" badImageFormat="false" />
  <assembly guid="UnityEngine.UnityWebRequestAssetBundleModule" path="E:\game\PEAK\PEAK_Data\Managed\UnityEngine.UnityWebRequestAssetBundleModule.dll" dateModified="638859403641407312" MMHOOKDate="0" references="" pluginVersion="0.0.0" badImageFormat="false" />
  <assembly guid="UnityEngine.UnityWebRequestAudioModule" path="E:\game\PEAK\PEAK_Data\Managed\UnityEngine.UnityWebRequestAudioModule.dll" dateModified="638859403622881423" MMHOOKDate="0" references="" pluginVersion="0.0.0" badImageFormat="false" />
  <assembly guid="UnityEngine.UnityWebRequestModule" path="E:\game\PEAK\PEAK_Data\Managed\UnityEngine.UnityWebRequestModule.dll" dateModified="638859403641407312" MMHOOKDate="0" references="" pluginVersion="0.0.0" badImageFormat="false" />
  <assembly guid="UnityEngine.UnityWebRequestTextureModule" path="E:\game\PEAK\PEAK_Data\Managed\UnityEngine.UnityWebRequestTextureModule.dll" dateModified="638859403641407312" MMHOOKDate="0" references="" pluginVersion="0.0.0" badImageFormat="false" />
  <assembly guid="UnityEngine.UnityWebRequestWWWModule" path="E:\game\PEAK\PEAK_Data\Managed\UnityEngine.UnityWebRequestWWWModule.dll" dateModified="638859403641407312" MMHOOKDate="0" references="" pluginVersion="0.0.0" badImageFormat="false" />
  <assembly guid="UnityEngine.VehiclesModule" path="E:\game\PEAK\PEAK_Data\Managed\UnityEngine.VehiclesModule.dll" dateModified="638859403622881423" MMHOOKDate="0" references="" pluginVersion="0.0.0" badImageFormat="false" />
  <assembly guid="UnityEngine.VFXModule" path="E:\game\PEAK\PEAK_Data\Managed\UnityEngine.VFXModule.dll" dateModified="638859403642030167" MMHOOKDate="0" references="" pluginVersion="0.0.0" badImageFormat="false" />
  <assembly guid="UnityEngine.VideoModule" path="E:\game\PEAK\PEAK_Data\Managed\UnityEngine.VideoModule.dll" dateModified="638859403622881423" MMHOOKDate="0" references="" pluginVersion="0.0.0" badImageFormat="false" />
  <assembly guid="UnityEngine.VirtualTexturingModule" path="E:\game\PEAK\PEAK_Data\Managed\UnityEngine.VirtualTexturingModule.dll" dateModified="638859403642030167" MMHOOKDate="0" references="" pluginVersion="0.0.0" badImageFormat="false" />
  <assembly guid="UnityEngine.VRModule" path="E:\game\PEAK\PEAK_Data\Managed\UnityEngine.VRModule.dll" dateModified="638859403642030167" MMHOOKDate="0" references="" pluginVersion="0.0.0" badImageFormat="false" />
  <assembly guid="UnityEngine.WindModule" path="E:\game\PEAK\PEAK_Data\Managed\UnityEngine.WindModule.dll" dateModified="638859403622892089" MMHOOKDate="0" references="" pluginVersion="0.0.0" badImageFormat="false" />
  <assembly guid="UnityEngine.XRModule" path="E:\game\PEAK\PEAK_Data\Managed\UnityEngine.XRModule.dll" dateModified="638859403642657202" MMHOOKDate="0" references="" pluginVersion="0.0.0" badImageFormat="false" />
  <assembly guid="UnityUIExtensions" path="E:\game\PEAK\PEAK_Data\Managed\UnityUIExtensions.dll" dateModified="638859403319745267" MMHOOKDate="0" references="" pluginVersion="0.0.0" badImageFormat="false" />
  <assembly guid="websocket-sharp" path="E:\game\PEAK\PEAK_Data\Managed\websocket-sharp.dll" dateModified="638859403642647056" MMHOOKDate="0" references="" pluginVersion="0.0.0" badImageFormat="false" />
  <assembly guid="Whinarn.UnityMeshSimplifier.Runtime" path="E:\game\PEAK\PEAK_Data\Managed\Whinarn.UnityMeshSimplifier.Runtime.dll" dateModified="638859403623421217" MMHOOKDate="0" references="" pluginVersion="0.0.0" badImageFormat="false" />
  <assembly guid="Zorro.AutoLOD" path="E:\game\PEAK\PEAK_Data\Managed\Zorro.AutoLOD.dll" dateModified="638859403623411210" MMHOOKDate="0" references="" pluginVersion="0.0.0" badImageFormat="false" />
  <assembly guid="Zorro.ControllerSupport" path="E:\game\PEAK\PEAK_Data\Managed\Zorro.ControllerSupport.dll" dateModified="638859403642030167" MMHOOKDate="0" references="" pluginVersion="0.0.0" badImageFormat="false" />
  <assembly guid="Zorro.Core.Runtime" path="E:\game\PEAK\PEAK_Data\Managed\Zorro.Core.Runtime.dll" dateModified="638859403642647056" MMHOOKDate="0" references="" pluginVersion="0.0.0" badImageFormat="false" />
  <assembly guid="Zorro.JiggleBones" path="E:\game\PEAK\PEAK_Data\Managed\Zorro.JiggleBones.dll" dateModified="638859403623431230" MMHOOKDate="0" references="" pluginVersion="0.0.0" badImageFormat="false" />
  <assembly guid="Zorro.PhotonUtility" path="E:\game\PEAK\PEAK_Data\Managed\Zorro.PhotonUtility.dll" dateModified="638859403642647056" MMHOOKDate="0" references="" pluginVersion="0.0.0" badImageFormat="false" />
  <assembly guid="Zorro.Settings.Runtime" path="E:\game\PEAK\PEAK_Data\Managed\Zorro.Settings.Runtime.dll" dateModified="638859403643273790" MMHOOKDate="0" references="" pluginVersion="0.0.0" badImageFormat="false" />
  <assembly guid="Zorro.UI.Runtime" path="E:\game\PEAK\PEAK_Data\Managed\Zorro.UI.Runtime.dll" dateModified="638859403642647056" MMHOOKDate="0" references="" pluginVersion="0.0.0" badImageFormat="false" />
  <assembly guid="0Harmony" path="E:\game\PEAK\BepInEx\core\0Harmony.dll" dateModified="638858800270000000" MMHOOKDate="0" references="" pluginVersion="0.0.0" badImageFormat="false" />
  <assembly guid="0Harmony20" path="E:\game\PEAK\BepInEx\core\0Harmony20.dll" dateModified="638858800270000000" MMHOOKDate="0" references="" pluginVersion="0.0.0" badImageFormat="false" />
  <assembly guid="BepInEx" path="E:\game\PEAK\BepInEx\core\BepInEx.dll" dateModified="638858800270000000" MMHOOKDate="0" references="" pluginVersion="0.0.0" badImageFormat="false" />
  <assembly guid="BepInEx.Harmony" path="E:\game\PEAK\BepInEx\core\BepInEx.Harmony.dll" dateModified="638858800270000000" MMHOOKDate="0" references="" pluginVersion="0.0.0" badImageFormat="false" />
  <assembly guid="BepInEx.Preloader" path="E:\game\PEAK\BepInEx\core\BepInEx.Preloader.dll" dateModified="638858800270000000" MMHOOKDate="0" references="" pluginVersion="0.0.0" badImageFormat="false" />
  <assembly guid="HarmonyXInterop" path="E:\game\PEAK\BepInEx\core\HarmonyXInterop.dll" dateModified="638858800270000000" MMHOOKDate="0" references="" pluginVersion="0.0.0" badImageFormat="false" />
  <assembly guid="Mono.Cecil" path="E:\game\PEAK\BepInEx\core\Mono.Cecil.dll" dateModified="638858800270000000" MMHOOKDate="0" references="" pluginVersion="0.0.0" badImageFormat="false" />
  <assembly guid="Mono.Cecil.Mdb" path="E:\game\PEAK\BepInEx\core\Mono.Cecil.Mdb.dll" dateModified="638858800270000000" MMHOOKDate="0" references="" pluginVersion="0.0.0" badImageFormat="false" />
  <assembly guid="Mono.Cecil.Pdb" path="E:\game\PEAK\BepInEx\core\Mono.Cecil.Pdb.dll" dateModified="638858800270000000" MMHOOKDate="0" references="" pluginVersion="0.0.0" badImageFormat="false" />
  <assembly guid="Mono.Cecil.Rocks" path="E:\game\PEAK\BepInEx\core\Mono.Cecil.Rocks.dll" dateModified="638858800270000000" MMHOOKDate="0" references="" pluginVersion="0.0.0" badImageFormat="false" />
  <assembly guid="MonoMod" path="E:\game\PEAK\BepInEx\core\MonoMod.dll" dateModified="638859492680000000" MMHOOKDate="0" references="" pluginVersion="0.0.0" badImageFormat="false" />
  <assembly guid="MonoMod.RuntimeDetour" path="E:\game\PEAK\BepInEx\core\MonoMod.RuntimeDetour.dll" dateModified="638858800270000000" MMHOOKDate="0" references="" pluginVersion="0.0.0" badImageFormat="false" />
  <assembly guid="MonoMod.RuntimeDetour.HookGen" path="E:\game\PEAK\BepInEx\core\MonoMod.RuntimeDetour.HookGen.dll" dateModified="638859492680000000" MMHOOKDate="0" references="" pluginVersion="0.0.0" badImageFormat="false" />
  <assembly guid="MonoMod.Utils" path="E:\game\PEAK\BepInEx\core\MonoMod.Utils.dll" dateModified="638858800270000000" MMHOOKDate="0" references="" pluginVersion="0.0.0" badImageFormat="false" />
  <assembly guid="XUnity.Common" path="E:\game\PEAK\BepInEx\core\XUnity.Common.dll" dateModified="638788135832287376" MMHOOKDate="0" references="" pluginVersion="0.0.0" badImageFormat="false" />
  <assembly guid="BepInEx.MonoMod.AutoHookGenPatcher" path="E:\game\PEAK\BepInEx\patchers\Hamunii-AutoHookGenPatcher\BepInEx.MonoMod.AutoHookGenPatcher.dll" dateModified="638859492680000000" MMHOOKDate="0" references="" pluginVersion="0.0.0" badImageFormat="false" />
  <assembly guid="Hamunii.DetourContext.Dispose_Fix" path="E:\game\PEAK\BepInEx\patchers\Hamunii-DetourContext_Dispose_Fix\Hamunii.DetourContext.Dispose_Fix.dll" dateModified="638859489360000000" MMHOOKDate="0" references="" pluginVersion="0.0.0" badImageFormat="false" />
  <assembly guid="ExIni" path="E:\game\PEAK\BepInEx\plugins\XUnity.AutoTranslator\ExIni.dll" dateModified="637712085746489997" MMHOOKDate="0" references="" pluginVersion="0.0.0" badImageFormat="false" />
  <assembly guid="gravydevsupreme.xunity.autotranslator" path="E:\game\PEAK\BepInEx\plugins\XUnity.AutoTranslator\XUnity.AutoTranslator.Plugin.BepInEx.dll" dateModified="638788135898862372" MMHOOKDate="0" references="" pluginVersion="5.4.5" badImageFormat="false" />
  <assembly guid="XUnity.AutoTranslator.Plugin.Core" path="E:\game\PEAK\BepInEx\plugins\XUnity.AutoTranslator\XUnity.AutoTranslator.Plugin.Core.dll" dateModified="638788135852425698" MMHOOKDate="0" references="" pluginVersion="0.0.0" badImageFormat="false" />
  <assembly guid="XUnity.AutoTranslator.Plugin.ExtProtocol" path="E:\game\PEAK\BepInEx\plugins\XUnity.AutoTranslator\XUnity.AutoTranslator.Plugin.ExtProtocol.dll" dateModified="638788135819035329" MMHOOKDate="0" references="" pluginVersion="0.0.0" badImageFormat="false" />
  <assembly guid="gravydevsupreme.xunity.resourceredirector" path="E:\game\PEAK\BepInEx\plugins\XUnity.ResourceRedirector\XUnity.ResourceRedirector.BepInEx.dll" dateModified="638788135845499395" MMHOOKDate="0" references="" pluginVersion="2.1.0" badImageFormat="false" />
  <assembly guid="XUnity.ResourceRedirector" path="E:\game\PEAK\BepInEx\plugins\XUnity.ResourceRedirector\XUnity.ResourceRedirector.dll" dateModified="638788135843007127" MMHOOKDate="0" references="" pluginVersion="0.0.0" badImageFormat="false" />
  <assembly guid="com.kaosz.FixUnlimitedEndScreen" path="E:\game\PEAK\BepInEx\plugins\【修复】多人结束end\PEAK_FixMorePlayerEndScreen.dll" dateModified="638861684500000000" MMHOOKDate="0" references="" pluginVersion="1.0.0" badImageFormat="false" />
  <assembly guid="nickklmao.easybackpack" path="E:\game\PEAK\BepInEx\plugins\【功能】便捷背包\EasyBackpack.dll" dateModified="638859131590902237" MMHOOKDate="0" references="" pluginVersion="1.0.0" badImageFormat="false" />
  <assembly guid="PeakUnlimited" path="E:\game\PEAK\BepInEx\plugins\【功能】多人模组\PeakUnlimited.dll" dateModified="638861793406442738" MMHOOKDate="0" references="" pluginVersion="1.0.0" badImageFormat="false" />
  <assembly guid="com.yourname.peaksaveload" path="E:\game\PEAK\BepInEx\plugins\【功能】存档加载\PEAKSaveManager.dll" dateModified="638861846609621463" MMHOOKDate="0" references="" pluginVersion="1.0.0" badImageFormat="false" />
  <assembly guid="com.Zahirgamer444.NoFallDamage" path="E:\game\PEAK\BepInEx\plugins\【实用】无坠落伤害\NoFallDamage.dll" dateModified="638860698270381676" MMHOOKDate="0" references="" pluginVersion="1.0.0" badImageFormat="false" />
  <assembly guid="com.mathis.infinitestamina" path="E:\game\PEAK\BepInEx\plugins\【实用】无限耐力\InfiniteStamina.dll" dateModified="638859208078504290" MMHOOKDate="0" references="" pluginVersion="1.0.0" badImageFormat="false" />
  <assembly guid="com.mathis.flymod" path="E:\game\PEAK\BepInEx\plugins\【实用】飞行模式\FlyMod.dll" dateModified="638859576570000000" MMHOOKDate="0" references="" pluginVersion="1.0.0" badImageFormat="false" />
  <assembly guid="com.xammen.slowhunger" path="E:\game\PEAK\BepInEx\plugins\【特性】缓慢饥饿\slowhunger.dll" dateModified="638861610180000000" MMHOOKDate="0" references="" pluginVersion="1.0.0" badImageFormat="false" />
  <assembly guid="nakazora.peak.piggyback" path="E:\game\PEAK\BepInEx\plugins\【特性】背起队友\Piggyback.dll" dateModified="638861018039855751" MMHOOKDate="0" references="" pluginVersion="1.0.1" badImageFormat="false" />
  <assembly guid="com.Lanx.eternalcampfire" path="E:\game\PEAK\BepInEx\plugins\【特效】篝火持续燃烧\MoreScouts.dll" dateModified="638860718040000000" MMHOOKDate="0" references="" pluginVersion="1.0.0" badImageFormat="false" />
  <assembly guid="BaiduTranslate" path="E:\game\PEAK\BepInEx\plugins\XUnity.AutoTranslator\Translators\BaiduTranslate.dll" dateModified="638788135891135327" MMHOOKDate="0" references="" pluginVersion="0.0.0" badImageFormat="false" />
  <assembly guid="BingTranslate" path="E:\game\PEAK\BepInEx\plugins\XUnity.AutoTranslator\Translators\BingTranslate.dll" dateModified="638788135893657620" MMHOOKDate="0" references="" pluginVersion="0.0.0" badImageFormat="false" />
  <assembly guid="BingTranslateLegitimate" path="E:\game\PEAK\BepInEx\plugins\XUnity.AutoTranslator\Translators\BingTranslateLegitimate.dll" dateModified="638788135892216308" MMHOOKDate="0" references="" pluginVersion="0.0.0" badImageFormat="false" />
  <assembly guid="CustomTranslate" path="E:\game\PEAK\BepInEx\plugins\XUnity.AutoTranslator\Translators\CustomTranslate.dll" dateModified="638788135891175361" MMHOOKDate="0" references="" pluginVersion="0.0.0" badImageFormat="false" />
  <assembly guid="DeepLTranslate" path="E:\game\PEAK\BepInEx\plugins\XUnity.AutoTranslator\Translators\DeepLTranslate.dll" dateModified="638788135886650627" MMHOOKDate="0" references="" pluginVersion="0.0.0" badImageFormat="false" />
  <assembly guid="ezTransXP" path="E:\game\PEAK\BepInEx\plugins\XUnity.AutoTranslator\Translators\ezTransXP.dll" dateModified="638788135894248162" MMHOOKDate="0" references="" pluginVersion="0.0.0" badImageFormat="false" />
  <assembly guid="GoogleTranslate" path="E:\game\PEAK\BepInEx\plugins\XUnity.AutoTranslator\Translators\GoogleTranslate.dll" dateModified="638788135891405572" MMHOOKDate="0" references="" pluginVersion="0.0.0" badImageFormat="false" />
  <assembly guid="GoogleTranslateCompat" path="E:\game\PEAK\BepInEx\plugins\XUnity.AutoTranslator\Translators\GoogleTranslateCompat.dll" dateModified="638788135890865078" MMHOOKDate="0" references="" pluginVersion="0.0.0" badImageFormat="false" />
  <assembly guid="GoogleTranslateLegitimate" path="E:\game\PEAK\BepInEx\plugins\XUnity.AutoTranslator\Translators\GoogleTranslateLegitimate.dll" dateModified="638788135890534786" MMHOOKDate="0" references="" pluginVersion="0.0.0" badImageFormat="false" />
  <assembly guid="LecPowerTranslator15" path="E:\game\PEAK\BepInEx\plugins\XUnity.AutoTranslator\Translators\LecPowerTranslator15.dll" dateModified="638788135890524779" MMHOOKDate="0" references="" pluginVersion="0.0.0" badImageFormat="false" />
  <assembly guid="LingoCloudTranslate" path="E:\game\PEAK\BepInEx\plugins\XUnity.AutoTranslator\Translators\LingoCloudTranslate.dll" dateModified="638788135886660634" MMHOOKDate="0" references="" pluginVersion="0.0.0" badImageFormat="false" />
  <assembly guid="PapagoTranslate" path="E:\game\PEAK\BepInEx\plugins\XUnity.AutoTranslator\Translators\PapagoTranslate.dll" dateModified="638788135891125315" MMHOOKDate="0" references="" pluginVersion="0.0.0" badImageFormat="false" />
  <assembly guid="WatsonTranslate" path="E:\game\PEAK\BepInEx\plugins\XUnity.AutoTranslator\Translators\WatsonTranslate.dll" dateModified="638788135890314586" MMHOOKDate="0" references="" pluginVersion="0.0.0" badImageFormat="false" />
  <assembly guid="YandexTranslate" path="E:\game\PEAK\BepInEx\plugins\XUnity.AutoTranslator\Translators\YandexTranslate.dll" dateModified="638788135890314586" MMHOOKDate="0" references="" pluginVersion="0.0.0" badImageFormat="false" />
  <assembly guid="com.smckeen.morepeak" path="E:\game\PEAK\BepInEx\plugins\【特性】每日地图\MorePeak\MorePeak.dll" dateModified="638861369780000000" MMHOOKDate="0" references="" pluginVersion="1.7.0" badImageFormat="false" />
  <assembly guid="evaisa.ThirdPersonToggle" path="E:\game\PEAK\BepInEx\plugins\【特性】第三人称\ThirdPersonToggle\ThirdPersonToggle.dll" dateModified="638860709530749683" MMHOOKDate="0" references="Assembly-CSharp" pluginVersion="1.0.10" badImageFormat="false" />
  <assembly guid="Common.ExtProtocol" path="E:\game\PEAK\BepInEx\plugins\XUnity.AutoTranslator\Translators\FullNET\Common.ExtProtocol.dll" dateModified="638788135830976187" MMHOOKDate="0" references="" pluginVersion="0.0.0" badImageFormat="false" />
  <assembly guid="DeepLTranslate.ExtProtocol" path="E:\game\PEAK\BepInEx\plugins\XUnity.AutoTranslator\Translators\FullNET\DeepLTranslate.ExtProtocol.dll" dateModified="638788135838643160" MMHOOKDate="0" references="" pluginVersion="0.0.0" badImageFormat="false" />
  <assembly guid="GoogleTranslateCompat.ExtProtocol" path="E:\game\PEAK\BepInEx\plugins\XUnity.AutoTranslator\Translators\FullNET\GoogleTranslateCompat.ExtProtocol.dll" dateModified="638788135833938886" MMHOOKDate="0" references="" pluginVersion="0.0.0" badImageFormat="false" />
  <assembly guid="Http.ExtProtocol" path="E:\game\PEAK\BepInEx\plugins\XUnity.AutoTranslator\Translators\FullNET\Http.ExtProtocol.dll" dateModified="638788135832567638" MMHOOKDate="0" references="" pluginVersion="0.0.0" badImageFormat="false" />
  <assembly guid="Newtonsoft.Json" path="E:\game\PEAK\BepInEx\plugins\XUnity.AutoTranslator\Translators\FullNET\Newtonsoft.Json.dll" dateModified="637516370160000000" MMHOOKDate="0" references="" pluginVersion="0.0.0" badImageFormat="false" />
  <assembly guid="XUnity.AutoTranslator.Plugin.ExtProtocol" path="E:\game\PEAK\BepInEx\plugins\XUnity.AutoTranslator\Translators\FullNET\XUnity.AutoTranslator.Plugin.ExtProtocol.dll" dateModified="638788135819035329" MMHOOKDate="0" references="" pluginVersion="0.0.0" badImageFormat="false" />
</cache>